transaction_id,customer_id,order_pk,order_date,amount,paymentmode,quantity,product_id,price,profit,cost_per_unit,month,year
1,1,1,2023-06-27,9726,UPI,5,1,1945.2,1275,1690.2,June,2023
2,1,4,2023-06-27,4975,UPI,14,2,355.36,1330,260.36,June,2023
3,2,2,2024-12-27,9726,UPI,5,1,1945.2,1275,1690.2,December,2024
4,2,5,2024-12-27,4975,UPI,14,2,355.36,1330,260.36,December,2024
5,3,3,2021-07-25,9726,UPI,5,1,1945.2,1275,1690.2,July,2021
6,3,6,2021-07-25,4975,UPI,14,2,355.36,1330,260.36,July,2021
7,4,7,2024-05-11,1525,Debit Card,12,3,127.08,185,111.67,May,2024
8,5,8,2021-10-09,1525,Debit Card,12,3,127.08,185,111.67,October,2021
9,6,9,2022-11-18,883,EMI,10,4,88.3,117,76.6,November,2022
10,6,10,2022-11-18,8127,Credit Card,16,5,507.94,3551,286.0,November,2022
11,7,11,2023-11-12,2516,UPI,19,6,132.42,734,93.79,November,2023
12,8,12,2020-03-23,2975,Credit Card,14,3,212.5,462,179.5,March,2020
13,9,13,2020-05-04,6851,Debit Card,1,7,6851.0,2812,4039.0,May,2020
14,9,14,2020-05-04,7626,Credit Card,15,8,508.4,1046,438.67,May,2020
15,9,15,2020-05-04,1023,UPI,9,5,113.67,78,105.0,May,2020
16,10,16,2023-11-09,7600,UPI,10,3,760.0,1098,650.2,November,2023
17,10,17,2023-11-09,7501,COD,18,9,416.72,262,402.17,November,2023
18,11,18,2024-12-30,725,Credit Card,6,9,120.83,133,98.67,December,2024
19,11,19,2024-12-30,7201,Credit Card,2,5,3600.5,2685,2258.0,December,2024
20,12,20,2025-02-11,1629,UPI,1,9,1629.0,265,1364.0,February,2025
21,13,21,2024-01-23,1629,UPI,1,9,1629.0,265,1364.0,January,2024
22,14,22,2020-11-28,8971,Debit Card,19,10,472.16,2971,315.79,November,2020
23,14,23,2020-11-28,2939,COD,20,10,146.95,894,102.25,November,2020
24,15,24,2024-05-30,9380,UPI,11,11,852.73,414,815.09,May,2024
25,15,25,2024-05-30,8558,Credit Card,18,10,475.44,1644,384.11,May,2024
26,15,26,2024-05-30,4080,COD,17,9,240.0,72,235.76,May,2024
27,16,27,2022-01-23,4206,EMI,17,1,247.41,1821,140.29,January,2022
28,17,28,2021-12-17,5219,COD,20,10,260.95,1180,201.95,December,2021
29,18,29,2023-02-03,5219,COD,20,10,260.95,1180,201.95,February,2023
30,19,30,2022-10-30,3686,Debit Card,20,3,184.3,760,146.3,October,2022
31,20,31,2022-01-15,3686,Debit Card,20,3,184.3,760,146.3,January,2022
32,21,32,2023-12-14,6045,COD,4,9,1511.25,1606,1109.75,December,2023
33,21,33,2023-12-14,9337,COD,11,3,848.82,554,798.45,December,2023
34,22,34,2023-07-03,4051,Credit Card,12,11,337.58,1848,183.58,July,2023
35,22,36,2023-07-03,5011,Credit Card,11,12,455.55,866,376.82,July,2023
36,23,35,2021-05-08,4051,Credit Card,12,11,337.58,1848,183.58,May,2021
37,23,37,2021-05-08,5011,Credit Card,11,12,455.55,866,376.82,May,2021
38,24,38,2022-10-07,3958,EMI,15,8,263.87,630,221.87,October,2022
39,24,39,2022-10-07,3132,Debit Card,1,5,3132.0,963,2169.0,October,2022
40,25,40,2024-08-06,7784,UPI,12,7,648.67,2937,403.92,August,2024
41,25,41,2024-08-06,5591,COD,3,3,1863.67,1696,1298.33,August,2024
42,25,42,2024-08-06,5122,COD,12,1,426.83,2413,225.75,August,2024
43,26,43,2022-01-05,8293,COD,8,10,1036.62,2632,707.62,January,2022
44,26,46,2022-01-05,2863,UPI,17,11,168.41,205,156.35,January,2022
45,27,44,2020-10-17,8293,COD,8,10,1036.62,2632,707.62,October,2020
46,27,47,2020-10-17,2863,UPI,17,11,168.41,205,156.35,October,2020
47,28,45,2023-08-21,8293,COD,8,10,1036.62,2632,707.62,August,2023
48,28,48,2023-08-21,2863,UPI,17,11,168.41,205,156.35,August,2023
49,29,49,2024-12-27,3090,EMI,6,5,515.0,573,419.5,December,2024
50,29,53,2024-12-27,9683,UPI,5,2,1936.6,1014,1733.8,December,2024
51,30,50,2021-06-18,3090,EMI,6,5,515.0,573,419.5,June,2021
52,30,54,2021-06-18,9683,UPI,5,2,1936.6,1014,1733.8,June,2021
53,31,51,2023-05-27,3090,EMI,6,5,515.0,573,419.5,May,2023
54,31,55,2023-05-27,9683,UPI,5,2,1936.6,1014,1733.8,May,2023
55,32,52,2021-10-12,3090,EMI,6,5,515.0,573,419.5,October,2021
56,32,56,2021-10-12,9683,UPI,5,2,1936.6,1014,1733.8,October,2021
57,33,57,2022-09-19,2463,EMI,18,5,136.83,648,100.83,September,2022
58,34,58,2022-03-25,7811,COD,12,8,650.92,1538,522.75,March,2022
59,35,59,2022-02-26,6139,Debit Card,10,5,613.9,451,568.8,February,2022
60,35,61,2022-02-26,8636,COD,3,6,2878.67,3192,1814.67,February,2022
61,35,63,2022-02-26,4439,Credit Card,19,8,233.63,1712,143.53,February,2022
62,36,60,2021-04-05,6139,Debit Card,10,5,613.9,451,568.8,April,2021
63,36,62,2021-04-05,8636,COD,3,6,2878.67,3192,1814.67,April,2021
64,36,64,2021-04-05,4439,Credit Card,19,8,233.63,1712,143.53,April,2021
65,37,65,2020-11-16,1016,Debit Card,20,5,50.8,172,42.2,November,2020
66,37,66,2020-11-16,5768,UPI,14,5,412.0,2059,264.93,November,2020
67,37,67,2020-11-16,1217,Credit Card,3,5,405.67,151,355.33,November,2020
68,38,68,2024-12-12,953,Debit Card,2,9,476.5,93,430.0,December,2024
69,38,70,2024-12-12,7355,COD,3,8,2451.67,1034,2107.0,December,2024
70,38,72,2024-12-12,1843,Credit Card,3,11,614.33,248,531.67,December,2024
71,38,74,2024-12-12,1603,Debit Card,10,3,160.3,361,124.2,December,2024
72,39,69,2023-04-06,953,Debit Card,2,9,476.5,93,430.0,April,2023
73,39,71,2023-04-06,7355,COD,3,8,2451.67,1034,2107.0,April,2023
74,39,73,2023-04-06,1843,Credit Card,3,11,614.33,248,531.67,April,2023
75,39,75,2023-04-06,1603,Debit Card,10,3,160.3,361,124.2,April,2023
76,40,76,2024-01-28,2025,Credit Card,1,3,2025.0,528,1497.0,January,2024
77,40,77,2024-01-28,6800,EMI,16,10,425.0,167,414.56,January,2024
78,41,78,2022-01-16,1126,UPI,1,12,1126.0,55,1071.0,January,2022
79,42,79,2022-12-16,1126,UPI,1,12,1126.0,55,1071.0,December,2022
80,43,80,2023-07-13,7533,UPI,12,5,627.75,3508,335.42,July,2023
81,43,81,2023-07-13,4734,Credit Card,16,10,295.88,1178,222.25,July,2023
82,43,82,2023-07-13,4074,Debit Card,6,1,679.0,1175,483.17,July,2023
83,43,83,2023-07-13,2334,Credit Card,3,8,778.0,484,616.67,July,2023
84,44,84,2025-03-10,2750,Debit Card,11,11,250.0,1239,137.36,March,2025
85,44,86,2025-03-10,8639,EMI,19,3,454.68,3104,291.32,March,2025
86,45,85,2024-09-24,2750,Debit Card,11,11,250.0,1239,137.36,September,2024
87,45,87,2024-09-24,8639,EMI,19,3,454.68,3104,291.32,September,2024
88,46,88,2020-04-13,3808,UPI,4,7,952.0,1192,654.0,April,2020
89,46,89,2020-04-13,2588,Credit Card,16,3,161.75,705,117.69,April,2020
90,47,90,2022-06-27,1591,Credit Card,5,1,318.2,727,172.8,June,2022
91,48,91,2021-03-14,1591,Credit Card,5,1,318.2,727,172.8,March,2021
92,49,92,2022-02-23,1591,Credit Card,5,1,318.2,727,172.8,February,2022
93,50,93,2022-03-29,1757,UPI,10,6,175.7,622,113.5,March,2022
94,51,94,2022-11-20,1757,UPI,10,6,175.7,622,113.5,November,2022
95,52,95,2021-11-12,6940,Debit Card,15,12,462.67,253,445.8,November,2021
96,52,96,2021-11-12,5105,UPI,5,2,1021.0,465,928.0,November,2021
97,53,97,2021-08-17,5578,COD,16,5,348.62,277,331.31,August,2021
98,54,98,2022-05-16,5578,COD,16,5,348.62,277,331.31,May,2022
99,55,99,2023-07-16,5224,Credit Card,16,6,326.5,1958,204.12,July,2023
100,55,100,2023-07-16,5002,Credit Card,11,7,454.73,1801,291.0,July,2023
101,55,101,2023-07-16,7380,COD,18,7,410.0,1673,317.06,July,2023
102,56,102,2020-08-18,7595,Debit Card,4,6,1898.75,2873,1180.5,August,2020
103,57,103,2022-04-19,7595,Debit Card,4,6,1898.75,2873,1180.5,April,2022
104,58,104,2022-12-23,1954,Debit Card,7,8,279.14,294,237.14,December,2022
105,59,105,2024-12-07,523,EMI,20,2,26.15,95,21.4,December,2024
106,60,106,2022-02-03,5704,EMI,13,4,438.77,714,383.85,February,2022
107,60,108,2022-02-03,8797,UPI,8,5,1099.62,1010,973.38,February,2022
108,60,110,2022-02-03,9236,Debit Card,5,4,1847.2,2899,1267.4,February,2022
109,61,107,2021-12-12,5704,EMI,13,4,438.77,714,383.85,December,2021
110,61,109,2021-12-12,8797,UPI,8,5,1099.62,1010,973.38,December,2021
111,61,111,2021-12-12,9236,Debit Card,5,4,1847.2,2899,1267.4,December,2021
112,62,112,2020-05-17,9109,EMI,17,8,535.82,586,501.35,May,2020
113,63,113,2022-12-05,4358,Credit Card,19,11,229.37,526,201.68,December,2022
114,63,115,2022-12-05,6459,Credit Card,8,11,807.38,825,704.25,December,2022
115,64,114,2024-09-17,4358,Credit Card,19,11,229.37,526,201.68,September,2024
116,64,116,2024-09-17,6459,Credit Card,8,11,807.38,825,704.25,September,2024
117,65,117,2023-05-08,2478,COD,12,12,206.5,92,198.83,May,2023
118,66,118,2021-03-03,2478,COD,12,12,206.5,92,198.83,March,2021
119,67,119,2021-03-18,2478,COD,12,12,206.5,92,198.83,March,2021
120,68,120,2023-04-24,2478,COD,12,12,206.5,92,198.83,April,2023
121,69,121,2021-10-09,9992,Debit Card,20,3,499.6,3696,314.8,October,2021
122,69,124,2021-10-09,9619,UPI,7,10,1374.14,3420,885.57,October,2021
123,70,122,2022-04-15,9992,Debit Card,20,3,499.6,3696,314.8,April,2022
124,70,125,2022-04-15,9619,UPI,7,10,1374.14,3420,885.57,April,2022
125,71,123,2022-08-29,9992,Debit Card,20,3,499.6,3696,314.8,August,2022
126,71,126,2022-08-29,9619,UPI,7,10,1374.14,3420,885.57,August,2022
127,72,127,2024-09-04,9538,Credit Card,20,2,476.9,3158,319.0,September,2024
128,72,129,2024-09-04,9035,EMI,14,6,645.36,1227,557.71,September,2024
129,73,128,2021-05-18,9538,Credit Card,20,2,476.9,3158,319.0,May,2021
130,73,130,2021-05-18,9035,EMI,14,6,645.36,1227,557.71,May,2021
131,74,131,2024-07-02,2684,COD,2,9,1342.0,670,1007.0,July,2024
132,74,132,2024-07-02,822,Credit Card,5,8,164.4,147,135.0,July,2024
133,74,133,2024-07-02,9730,EMI,2,6,4865.0,2341,3694.5,July,2024
134,74,134,2024-07-02,2483,COD,2,1,1241.5,236,1123.5,July,2024
135,75,135,2024-02-16,1297,Credit Card,7,10,185.29,600,99.57,February,2024
136,75,136,2024-02-16,7909,COD,19,11,416.26,1942,314.05,February,2024
137,76,137,2021-11-26,9768,Credit Card,8,5,1221.0,4518,656.25,November,2021
138,76,138,2021-11-26,4968,Debit Card,5,8,993.6,934,806.8,November,2021
139,76,139,2021-11-26,1731,EMI,4,4,432.75,149,395.5,November,2021
140,77,140,2024-02-01,3433,COD,10,10,343.3,1169,226.4,February,2024
141,77,143,2024-02-01,3887,Debit Card,1,10,3887.0,1490,2397.0,February,2024
142,78,141,2021-09-09,3433,COD,10,10,343.3,1169,226.4,September,2021
143,78,144,2021-09-09,3887,Debit Card,1,10,3887.0,1490,2397.0,September,2021
144,79,142,2021-09-08,3433,COD,10,10,343.3,1169,226.4,September,2021
145,79,145,2021-09-08,3887,Debit Card,1,10,3887.0,1490,2397.0,September,2021
146,80,146,2024-07-09,1801,Credit Card,20,7,90.05,641,58.0,July,2024
147,80,147,2024-07-09,5301,Debit Card,10,5,530.1,817,448.4,July,2024
148,80,148,2024-07-09,1166,Debit Card,12,9,97.17,520,53.83,July,2024
149,80,149,2024-07-09,3196,Debit Card,15,9,213.07,1411,119.0,July,2024
150,81,150,2023-02-28,3428,Credit Card,1,6,3428.0,350,3078.0,February,2023
151,81,151,2023-02-28,7223,Credit Card,12,10,601.92,2433,399.17,February,2023
152,81,152,2023-02-28,3731,Credit Card,1,3,3731.0,647,3084.0,February,2023
153,82,153,2022-08-08,8903,Credit Card,18,3,494.61,4401,250.11,August,2022
154,83,154,2022-12-07,6009,UPI,7,11,858.43,2107,557.43,December,2022
155,83,156,2022-12-07,2858,Credit Card,3,5,952.67,230,876.0,December,2022
156,83,158,2022-12-07,8175,Credit Card,7,8,1167.86,525,1092.86,December,2022
157,83,160,2022-12-07,5846,UPI,18,8,324.78,586,292.22,December,2022
158,84,155,2024-04-29,6009,UPI,7,11,858.43,2107,557.43,April,2024
159,84,157,2024-04-29,2858,Credit Card,3,5,952.67,230,876.0,April,2024
160,84,159,2024-04-29,8175,Credit Card,7,8,1167.86,525,1092.86,April,2024
161,84,161,2024-04-29,5846,UPI,18,8,324.78,586,292.22,April,2024
162,85,162,2022-01-02,706,Credit Card,11,4,64.18,197,46.27,January,2022
163,86,163,2022-06-10,9835,COD,16,5,614.69,2571,454.0,June,2022
164,86,166,2022-06-10,9691,Credit Card,13,7,745.46,3056,510.38,June,2022
165,86,169,2022-06-10,7826,UPI,14,12,559.0,1221,471.79,June,2022
166,87,164,2021-11-16,9835,COD,16,5,614.69,2571,454.0,November,2021
167,87,167,2021-11-16,9691,Credit Card,13,7,745.46,3056,510.38,November,2021
168,87,170,2021-11-16,7826,UPI,14,12,559.0,1221,471.79,November,2021
169,88,165,2022-08-17,9835,COD,16,5,614.69,2571,454.0,August,2022
170,88,168,2022-08-17,9691,Credit Card,13,7,745.46,3056,510.38,August,2022
171,88,171,2022-08-17,7826,UPI,14,12,559.0,1221,471.79,August,2022
172,89,172,2021-11-23,770,COD,11,8,70.0,241,48.09,November,2021
173,90,173,2023-03-04,770,COD,11,8,70.0,241,48.09,March,2023
174,91,174,2023-12-16,9895,COD,20,12,494.75,1598,414.85,December,2023
175,92,175,2024-05-19,6517,Debit Card,10,9,651.7,1581,493.6,May,2024
176,92,177,2024-05-19,1166,Credit Card,11,5,106.0,349,74.27,May,2024
177,93,176,2020-05-14,6517,Debit Card,10,9,651.7,1581,493.6,May,2020
178,93,178,2020-05-14,1166,Credit Card,11,5,106.0,349,74.27,May,2020
179,94,179,2021-08-29,9820,Credit Card,16,6,613.75,793,564.19,August,2021
180,95,180,2024-11-10,8563,COD,8,10,1070.38,2624,742.38,November,2024
181,95,181,2024-11-10,4441,COD,20,2,222.05,281,208.0,November,2024
182,96,182,2021-12-05,7340,EMI,8,9,917.5,2271,633.62,December,2021
183,96,183,2021-12-05,5442,EMI,1,11,5442.0,1610,3832.0,December,2021
184,97,184,2024-07-05,1895,UPI,14,5,135.36,391,107.43,July,2024
185,97,185,2024-07-05,5323,COD,13,10,409.46,322,384.69,July,2024
186,98,186,2024-06-25,8850,Debit Card,13,7,680.77,279,659.31,June,2024
187,98,187,2024-06-25,8667,Debit Card,6,9,1444.5,1266,1233.5,June,2024
188,99,188,2024-05-31,6903,COD,1,5,6903.0,105,6798.0,May,2024
189,99,189,2024-05-31,8793,COD,7,3,1256.14,3010,826.14,May,2024
190,100,190,2020-10-20,9883,UPI,16,9,617.69,4812,316.94,October,2020
191,100,193,2020-10-20,5210,UPI,7,9,744.29,1185,575.0,October,2020
192,101,191,2022-08-11,9883,UPI,16,9,617.69,4812,316.94,August,2022
193,101,194,2022-08-11,5210,UPI,7,9,744.29,1185,575.0,August,2022
194,102,192,2021-10-17,9883,UPI,16,9,617.69,4812,316.94,October,2021
195,102,195,2021-10-17,5210,UPI,7,9,744.29,1185,575.0,October,2021
196,103,196,2022-02-23,3574,Credit Card,4,2,893.5,851,680.75,February,2022
197,103,197,2022-02-23,576,UPI,13,8,44.31,76,38.46,February,2022
198,104,198,2023-09-20,1860,EMI,13,2,143.08,457,107.92,September,2023
199,105,199,2021-01-19,782,EMI,8,3,97.75,374,51.0,January,2021
200,105,200,2021-01-19,4371,UPI,1,4,4371.0,1852,2519.0,January,2021
201,106,201,2020-08-21,8346,COD,1,11,8346.0,1176,7170.0,August,2020
202,106,204,2020-08-21,6218,Debit Card,5,5,1243.6,1125,1018.6,August,2020
203,106,207,2020-08-21,5167,Credit Card,14,2,369.07,253,351.0,August,2020
204,106,210,2020-08-21,2799,Debit Card,5,8,559.8,1239,312.0,August,2020
205,107,202,2023-04-17,8346,COD,1,11,8346.0,1176,7170.0,April,2023
206,107,205,2023-04-17,6218,Debit Card,5,5,1243.6,1125,1018.6,April,2023
207,107,208,2023-04-17,5167,Credit Card,14,2,369.07,253,351.0,April,2023
208,107,211,2023-04-17,2799,Debit Card,5,8,559.8,1239,312.0,April,2023
209,108,203,2023-12-24,8346,COD,1,11,8346.0,1176,7170.0,December,2023
210,108,206,2023-12-24,6218,Debit Card,5,5,1243.6,1125,1018.6,December,2023
211,108,209,2023-12-24,5167,Credit Card,14,2,369.07,253,351.0,December,2023
212,108,212,2023-12-24,2799,Debit Card,5,8,559.8,1239,312.0,December,2023
213,109,213,2022-03-20,3234,Credit Card,20,7,161.7,1029,110.25,March,2022
214,110,214,2021-08-12,4920,Debit Card,12,5,410.0,775,345.42,August,2021
215,110,215,2021-08-12,9078,EMI,15,12,605.2,2213,457.67,August,2021
216,111,216,2020-12-21,8586,UPI,7,12,1226.57,3826,680.0,December,2020
217,112,217,2023-07-07,8586,UPI,7,12,1226.57,3826,680.0,July,2023
218,113,218,2023-08-13,5047,EMI,13,8,388.23,2211,218.15,August,2023
219,114,219,2021-02-04,5047,EMI,13,8,388.23,2211,218.15,February,2021
220,115,220,2022-09-16,5047,EMI,13,8,388.23,2211,218.15,September,2022
221,116,221,2022-05-06,5047,EMI,13,8,388.23,2211,218.15,May,2022
222,117,222,2021-05-28,3657,UPI,1,8,3657.0,163,3494.0,May,2021
223,118,223,2024-07-18,6471,UPI,18,1,359.5,2842,201.61,July,2024
224,119,224,2024-12-06,949,UPI,9,10,105.44,301,72.0,December,2024
225,119,225,2024-12-06,6823,EMI,6,10,1137.17,771,1008.67,December,2024
226,119,226,2024-12-06,4364,EMI,2,5,2182.0,831,1766.5,December,2024
227,120,227,2022-12-12,6671,UPI,10,11,667.1,2797,387.4,December,2022
228,121,228,2022-10-20,7472,COD,3,9,2490.67,1037,2145.0,October,2022
229,121,229,2022-10-20,9548,COD,9,2,1060.89,1806,860.22,October,2022
230,122,230,2021-03-24,7759,UPI,17,2,456.41,3741,236.35,March,2021
231,122,232,2021-03-24,7521,Debit Card,16,7,470.06,3457,254.0,March,2021
232,123,231,2025-01-06,7759,UPI,17,2,456.41,3741,236.35,January,2025
233,123,233,2025-01-06,7521,Debit Card,16,7,470.06,3457,254.0,January,2025
234,124,234,2021-03-06,9704,COD,12,3,808.67,4339,447.08,March,2021
235,124,235,2021-03-06,4948,Debit Card,18,2,274.89,2356,144.0,March,2021
236,124,236,2021-03-06,6435,Debit Card,10,1,643.5,334,610.1,March,2021
237,125,237,2020-06-17,9965,COD,16,7,622.81,3033,433.25,June,2020
238,126,238,2023-09-01,9965,COD,16,7,622.81,3033,433.25,September,2023
239,127,239,2023-06-08,1523,UPI,3,8,507.67,234,429.67,June,2023
240,127,240,2023-06-08,9073,Debit Card,7,1,1296.14,424,1235.57,June,2023
241,128,241,2021-03-25,6447,COD,20,4,322.35,3079,168.4,March,2021
242,128,242,2021-03-25,8947,Credit Card,6,1,1491.17,2807,1023.33,March,2021
243,129,243,2021-01-03,914,Debit Card,8,3,114.25,400,64.25,January,2021
244,129,244,2021-01-03,1548,Credit Card,3,9,516.0,666,294.0,January,2021
245,130,245,2024-12-27,2759,Credit Card,6,5,459.83,1149,268.33,December,2024
246,131,246,2022-08-12,1341,UPI,4,4,335.25,615,181.5,August,2022
247,132,247,2022-03-28,9851,Debit Card,19,1,518.47,2669,378.0,March,2022
248,132,250,2022-03-28,9989,Debit Card,14,5,713.5,3930,432.79,March,2022
249,133,248,2023-07-15,9851,Debit Card,19,1,518.47,2669,378.0,July,2023
250,133,251,2023-07-15,9989,Debit Card,14,5,713.5,3930,432.79,July,2023
251,134,249,2022-09-22,9851,Debit Card,19,1,518.47,2669,378.0,September,2022
252,134,252,2022-09-22,9989,Debit Card,14,5,713.5,3930,432.79,September,2022
253,135,253,2022-12-20,7421,COD,10,5,742.1,958,646.3,December,2022
254,136,254,2022-01-16,7421,COD,10,5,742.1,958,646.3,January,2022
255,137,255,2023-01-29,7421,COD,10,5,742.1,958,646.3,January,2023
256,138,256,2022-01-15,3099,COD,1,9,3099.0,479,2620.0,January,2022
257,138,257,2022-01-15,2521,COD,7,11,360.14,906,230.71,January,2022
258,139,258,2024-03-24,6962,UPI,12,1,580.17,3429,294.42,March,2024
259,140,259,2025-02-19,6962,UPI,12,1,580.17,3429,294.42,February,2025
260,141,260,2024-07-13,1085,UPI,20,12,54.25,301,39.2,July,2024
261,142,261,2023-04-28,738,Debit Card,2,6,369.0,342,198.0,April,2023
262,143,262,2020-12-05,738,Debit Card,2,6,369.0,342,198.0,December,2020
263,144,263,2024-05-14,738,Debit Card,2,6,369.0,342,198.0,May,2024
264,145,264,2022-01-18,738,Debit Card,2,6,369.0,342,198.0,January,2022
265,146,265,2023-09-18,1366,EMI,17,1,80.35,242,66.12,September,2023
266,146,266,2023-09-18,1518,Credit Card,13,7,116.77,155,104.85,September,2023
267,147,267,2021-05-12,2962,COD,1,11,2962.0,1470,1492.0,May,2021
268,147,269,2021-05-12,7131,UPI,12,2,594.25,718,534.42,May,2021
269,147,271,2021-05-12,4200,EMI,10,7,420.0,855,334.5,May,2021
270,148,268,2023-09-17,2962,COD,1,11,2962.0,1470,1492.0,September,2023
271,148,270,2023-09-17,7131,UPI,12,2,594.25,718,534.42,September,2023
272,148,272,2023-09-17,4200,EMI,10,7,420.0,855,334.5,September,2023
273,149,273,2024-09-06,5934,EMI,2,7,2967.0,1563,2185.5,September,2024
274,150,274,2022-06-18,2701,UPI,11,2,245.55,322,216.27,June,2022
275,150,275,2022-06-18,7273,COD,18,9,404.06,2702,253.94,June,2022
276,151,276,2020-05-22,2465,Debit Card,18,7,136.94,699,98.11,May,2020
277,152,277,2024-10-17,3479,EMI,2,7,1739.5,1087,1196.0,October,2024
278,152,278,2024-10-17,5457,EMI,7,2,779.57,1765,527.43,October,2024
279,153,279,2022-03-22,4957,Credit Card,8,7,619.62,1152,475.62,March,2022
280,154,280,2024-03-17,4404,Debit Card,17,3,259.06,858,208.59,March,2024
281,154,281,2024-03-17,8776,Credit Card,15,8,585.07,2529,416.47,March,2024
282,155,282,2020-04-02,9536,UPI,9,11,1059.56,1437,899.89,April,2020
283,155,283,2020-04-02,2225,Credit Card,7,8,317.86,589,233.71,April,2020
284,156,284,2024-03-13,9574,UPI,19,12,503.89,4045,291.0,March,2024
285,156,285,2024-03-13,4382,COD,17,1,257.76,482,229.41,March,2024
286,157,286,2023-03-21,8200,COD,19,4,431.58,257,418.05,March,2023
287,157,287,2023-03-21,9316,Credit Card,13,8,716.62,3003,485.62,March,2023
288,157,288,2023-03-21,6379,COD,15,1,425.27,3128,216.73,March,2023
289,158,289,2024-03-02,3348,Credit Card,5,7,669.6,568,556.0,March,2024
290,158,291,2024-03-02,8856,Debit Card,9,3,984.0,2020,759.56,March,2024
291,159,290,2021-04-30,3348,Credit Card,5,7,669.6,568,556.0,April,2021
292,159,292,2021-04-30,8856,Debit Card,9,3,984.0,2020,759.56,April,2021
293,160,293,2021-09-15,1760,Debit Card,16,8,110.0,619,71.31,September,2021
294,160,295,2021-09-15,6351,UPI,15,2,423.4,986,357.67,September,2021
295,161,294,2023-01-28,1760,Debit Card,16,8,110.0,619,71.31,January,2023
296,161,296,2023-01-28,6351,UPI,15,2,423.4,986,357.67,January,2023
297,162,297,2021-07-08,869,Credit Card,14,9,62.07,373,35.43,July,2021
298,162,299,2021-07-08,1486,UPI,7,12,212.29,114,196.0,July,2021
299,163,298,2020-04-08,869,Credit Card,14,9,62.07,373,35.43,April,2020
300,163,300,2020-04-08,1486,UPI,7,12,212.29,114,196.0,April,2020
301,164,301,2022-08-23,2999,COD,13,10,230.69,145,219.54,August,2022
302,164,302,2022-08-23,5142,EMI,20,9,257.1,1916,161.3,August,2022
303,165,303,2022-12-17,1239,UPI,17,4,72.88,575,39.06,December,2022
304,165,305,2022-12-17,1262,EMI,16,1,78.88,515,46.69,December,2022
305,166,304,2022-06-08,1239,UPI,17,4,72.88,575,39.06,June,2022
306,166,306,2022-06-08,1262,EMI,16,1,78.88,515,46.69,June,2022
307,167,307,2020-08-28,1033,COD,5,12,206.6,254,155.8,August,2020
308,168,308,2020-09-26,1518,UPI,19,2,79.89,159,71.53,September,2020
309,169,309,2020-12-13,8581,Debit Card,2,9,4290.5,2444,3068.5,December,2020
310,170,310,2020-11-19,8581,Debit Card,2,9,4290.5,2444,3068.5,November,2020
311,171,311,2023-09-13,1167,UPI,5,3,233.4,463,140.8,September,2023
312,171,312,2023-09-13,2841,Credit Card,20,4,142.05,803,101.9,September,2023
313,171,313,2023-09-13,5680,UPI,19,5,298.95,2159,185.32,September,2023
314,172,314,2020-03-31,8204,UPI,6,3,1367.33,2382,970.33,March,2020
315,172,316,2020-03-31,2850,EMI,6,11,475.0,904,324.33,March,2020
316,173,315,2020-10-20,8204,UPI,6,3,1367.33,2382,970.33,October,2020
317,173,317,2020-10-20,2850,EMI,6,11,475.0,904,324.33,October,2020
318,174,318,2023-08-04,907,Credit Card,9,3,100.78,391,57.33,August,2023
319,175,319,2022-04-11,2174,Credit Card,19,3,114.42,265,100.47,April,2022
320,175,320,2022-04-11,8541,Credit Card,12,1,711.75,2029,542.67,April,2022
321,175,321,2022-04-11,1931,EMI,3,12,643.67,551,460.0,April,2022
322,176,322,2021-12-31,1281,Debit Card,3,1,427.0,340,313.67,December,2021
323,176,323,2021-12-31,2404,COD,15,4,160.27,253,143.4,December,2021
324,177,324,2020-08-16,2119,COD,1,8,2119.0,196,1923.0,August,2020
325,178,325,2025-02-02,3137,Debit Card,9,3,348.56,571,285.11,February,2025
326,179,326,2022-02-24,2323,COD,7,5,331.86,727,228.0,February,2022
327,179,327,2022-02-24,1368,UPI,9,12,152.0,406,106.89,February,2022
328,180,328,2024-02-25,9204,Credit Card,16,4,575.25,3289,369.69,February,2024
329,180,330,2024-02-25,9894,EMI,20,9,494.7,3698,309.8,February,2024
330,181,329,2021-06-15,9204,Credit Card,16,4,575.25,3289,369.69,June,2021
331,181,331,2021-06-15,9894,EMI,20,9,494.7,3698,309.8,June,2021
332,182,332,2022-12-08,5322,COD,18,8,295.67,1423,216.61,December,2022
333,183,333,2023-12-09,5322,COD,18,8,295.67,1423,216.61,December,2023
334,184,334,2022-07-16,2666,COD,14,6,190.43,559,150.5,July,2022
335,185,335,2024-05-05,8383,UPI,4,8,2095.75,937,1861.5,May,2024
336,186,336,2021-10-04,7560,EMI,4,9,1890.0,821,1684.75,October,2021
337,187,337,2021-11-20,1314,UPI,16,8,82.12,490,51.5,November,2021
338,187,338,2021-11-20,4390,Debit Card,1,5,4390.0,179,4211.0,November,2021
339,187,339,2021-11-20,1150,Debit Card,7,10,164.29,58,156.0,November,2021
340,188,340,2020-09-15,1574,EMI,17,3,92.59,258,77.41,September,2020
341,188,341,2020-09-15,5635,UPI,17,10,331.47,318,312.76,September,2020
342,188,342,2020-09-15,6515,Debit Card,11,8,592.27,961,504.91,September,2020
343,189,343,2023-01-17,1231,Debit Card,20,4,61.55,214,50.85,January,2023
344,190,344,2020-06-16,1231,Debit Card,20,4,61.55,214,50.85,June,2020
345,191,345,2024-05-01,6891,Debit Card,3,10,2297.0,2529,1454.0,May,2024
346,192,346,2023-12-07,7524,EMI,15,4,501.6,2308,347.73,December,2023
347,192,347,2023-12-07,6864,Credit Card,14,2,490.29,1824,360.0,December,2023
348,193,348,2024-02-02,4215,Debit Card,14,6,301.07,432,270.21,February,2024
349,194,349,2024-06-23,622,Credit Card,19,12,32.74,218,21.26,June,2024
350,194,350,2024-06-23,1755,UPI,18,3,97.5,495,70.0,June,2024
351,194,351,2024-06-23,8020,EMI,20,1,401.0,3898,206.1,June,2024
352,195,352,2024-06-07,7333,Credit Card,4,4,1833.25,1576,1439.25,June,2024
353,196,353,2023-10-13,7690,COD,4,1,1922.5,1134,1639.0,October,2023
354,196,354,2023-10-13,912,EMI,2,8,456.0,246,333.0,October,2023
355,197,355,2022-10-08,2791,COD,14,4,199.36,894,135.5,October,2022
356,197,358,2022-10-08,6223,Debit Card,3,8,2074.33,1478,1581.67,October,2022
357,197,361,2022-10-08,8943,Debit Card,17,6,526.06,3121,342.47,October,2022
358,197,364,2022-10-08,3297,Credit Card,12,11,274.75,102,266.25,October,2022
359,198,356,2023-10-27,2791,COD,14,4,199.36,894,135.5,October,2023
360,198,359,2023-10-27,6223,Debit Card,3,8,2074.33,1478,1581.67,October,2023
361,198,362,2023-10-27,8943,Debit Card,17,6,526.06,3121,342.47,October,2023
362,198,365,2023-10-27,3297,Credit Card,12,11,274.75,102,266.25,October,2023
363,199,357,2021-02-09,2791,COD,14,4,199.36,894,135.5,February,2021
364,199,360,2021-02-09,6223,Debit Card,3,8,2074.33,1478,1581.67,February,2021
365,199,363,2021-02-09,8943,Debit Card,17,6,526.06,3121,342.47,February,2021
366,199,366,2021-02-09,3297,Credit Card,12,11,274.75,102,266.25,February,2021
367,200,367,2020-11-03,8769,UPI,20,9,438.45,1989,339.0,November,2020
368,201,368,2022-05-30,9057,COD,19,2,476.68,1888,377.32,May,2022
369,201,369,2022-05-30,6864,Credit Card,11,5,624.0,3275,326.27,May,2022
370,201,370,2022-05-30,9200,COD,13,4,707.69,809,645.46,May,2022
371,202,371,2024-06-16,6113,UPI,6,4,1018.83,2508,600.83,June,2024
372,202,372,2024-06-16,7733,EMI,15,5,515.53,2784,329.93,June,2024
373,202,373,2024-06-16,8524,COD,14,5,608.86,154,597.86,June,2024
374,202,374,2024-06-16,6187,EMI,15,12,412.47,2344,256.2,June,2024
375,203,375,2022-07-15,4364,EMI,18,5,242.44,148,234.22,July,2022
376,203,376,2022-07-15,736,EMI,12,3,61.33,286,37.5,July,2022
377,204,377,2021-07-18,9905,EMI,17,3,582.65,633,545.41,July,2021
378,205,378,2021-10-02,9905,EMI,17,3,582.65,633,545.41,October,2021
379,206,379,2024-04-16,2493,Credit Card,9,9,277.0,1221,141.33,April,2024
380,206,380,2024-04-16,9849,Credit Card,1,3,9849.0,963,8886.0,April,2024
381,207,381,2020-07-09,3423,Credit Card,4,2,855.75,804,654.75,July,2020
382,208,382,2020-07-25,3423,Credit Card,4,2,855.75,804,654.75,July,2020
383,209,383,2024-01-24,3423,Credit Card,4,2,855.75,804,654.75,January,2024
384,210,384,2020-05-04,3423,Credit Card,4,2,855.75,804,654.75,May,2020
385,211,385,2021-11-13,3423,Credit Card,4,2,855.75,804,654.75,November,2021
386,212,386,2023-10-07,3900,COD,9,6,433.33,115,420.56,October,2023
387,213,387,2021-10-23,8568,UPI,11,1,778.91,2419,559.0,October,2021
388,213,388,2021-10-23,3283,EMI,6,3,547.17,71,535.33,October,2021
389,214,389,2022-07-18,7643,EMI,19,1,402.26,3720,206.47,July,2022
390,215,390,2024-08-23,3461,EMI,15,8,230.73,1537,128.27,August,2024
391,215,391,2024-08-23,5714,Credit Card,6,1,952.33,1438,712.67,August,2024
392,215,392,2024-08-23,3853,COD,10,10,385.3,1457,239.6,August,2024
393,216,393,2020-10-28,6016,UPI,20,3,300.8,431,279.25,October,2020
394,217,394,2024-06-15,1290,UPI,12,7,107.5,204,90.5,June,2024
395,218,395,2024-12-19,1290,UPI,12,7,107.5,204,90.5,December,2024
396,219,396,2020-09-04,4569,UPI,10,2,456.9,1693,287.6,September,2020
397,220,397,2022-04-16,3083,Debit Card,16,12,192.69,1151,120.75,April,2022
398,221,398,2024-08-29,3522,Credit Card,15,3,234.8,898,174.93,August,2024
399,222,399,2022-01-14,3522,Credit Card,15,3,234.8,898,174.93,January,2022
400,223,400,2024-04-07,7301,Debit Card,3,10,2433.67,3602,1233.0,April,2024
401,224,401,2022-04-24,4462,COD,8,4,557.75,121,542.62,April,2022
402,224,402,2022-04-24,6212,COD,17,11,365.41,1881,254.76,April,2022
403,225,403,2020-08-27,4027,EMI,3,12,1342.33,1386,880.33,August,2020
404,226,404,2023-03-01,1676,EMI,14,4,119.71,330,96.14,March,2023
405,226,405,2023-03-01,3927,COD,12,12,327.25,1133,232.83,March,2023
406,226,406,2023-03-01,2776,Debit Card,9,11,308.44,887,209.89,March,2023
407,227,407,2020-10-02,7684,COD,12,8,640.33,1157,543.92,October,2020
408,228,408,2020-06-23,7684,COD,12,8,640.33,1157,543.92,June,2020
409,229,409,2023-08-21,7684,COD,12,8,640.33,1157,543.92,August,2023
410,230,410,2022-07-16,6008,Credit Card,17,11,353.41,2498,206.47,July,2022
411,231,411,2022-08-01,7344,COD,20,12,367.2,2598,237.3,August,2022
412,232,412,2020-07-16,6932,COD,20,3,346.6,3218,185.7,July,2020
413,233,413,2020-05-02,7748,EMI,16,1,484.25,1706,377.62,May,2020
414,233,414,2020-05-02,6381,UPI,20,7,319.05,2763,180.9,May,2020
415,233,415,2020-05-02,992,Credit Card,6,11,165.33,64,154.67,May,2020
416,234,416,2024-01-10,8649,EMI,13,4,665.31,2631,462.92,January,2024
417,235,417,2020-09-30,8649,EMI,13,4,665.31,2631,462.92,September,2020
418,236,418,2022-03-28,4099,UPI,18,4,227.72,52,224.83,March,2022
419,237,419,2021-01-30,2539,UPI,5,1,507.8,324,443.0,January,2021
420,238,420,2025-03-14,9845,COD,9,9,1093.89,3062,753.67,March,2025
421,239,421,2021-10-26,2901,Debit Card,2,9,1450.5,1411,745.0,October,2021
422,239,423,2021-10-26,6934,Credit Card,6,3,1155.67,1152,963.67,October,2021
423,240,422,2023-01-11,2901,Debit Card,2,9,1450.5,1411,745.0,January,2023
424,240,424,2023-01-11,6934,Credit Card,6,3,1155.67,1152,963.67,January,2023
425,241,425,2021-10-31,9640,Credit Card,2,12,4820.0,2606,3517.0,October,2021
426,242,426,2023-05-04,7930,Credit Card,13,6,610.0,1981,457.62,May,2023
427,243,427,2024-08-09,7930,Credit Card,13,6,610.0,1981,457.62,August,2024
428,244,428,2022-08-21,9894,COD,1,10,9894.0,829,9065.0,August,2022
429,244,429,2022-08-21,4534,COD,4,5,1133.5,2235,574.75,August,2022
430,245,430,2022-06-19,4911,Debit Card,20,11,245.55,186,236.25,June,2022
431,245,431,2022-06-19,531,Debit Card,20,12,26.55,189,17.1,June,2022
432,246,432,2025-01-29,9707,EMI,10,1,970.7,3483,622.4,January,2025
433,246,433,2025-01-29,8521,COD,7,9,1217.29,2584,848.14,January,2025
434,247,434,2022-01-14,8438,Credit Card,12,10,703.17,3427,417.58,January,2022
435,247,435,2022-01-14,1689,UPI,9,1,187.67,109,175.56,January,2022
436,247,436,2022-01-14,3936,COD,14,9,281.14,1626,165.0,January,2022
437,248,437,2023-06-15,7664,Debit Card,19,11,403.37,1753,311.11,June,2023
438,249,438,2023-10-18,721,Debit Card,13,4,55.46,258,35.62,October,2023
439,249,440,2023-10-18,8364,Credit Card,17,4,492.0,3055,312.29,October,2023
440,249,442,2023-10-18,5234,EMI,15,12,348.93,2021,214.2,October,2023
441,250,439,2022-06-13,721,Debit Card,13,4,55.46,258,35.62,June,2022
442,250,441,2022-06-13,8364,Credit Card,17,4,492.0,3055,312.29,June,2022
443,250,443,2022-06-13,5234,EMI,15,12,348.93,2021,214.2,June,2022
444,251,444,2024-06-12,3944,Credit Card,18,11,219.11,1559,132.5,June,2024
445,251,445,2024-06-12,6711,Credit Card,12,3,559.25,1045,472.17,June,2024
446,251,446,2024-06-12,5031,Credit Card,4,5,1257.75,714,1079.25,June,2024
447,251,447,2024-06-12,6295,EMI,14,10,449.64,2469,273.29,June,2024
448,252,448,2022-06-27,9654,UPI,1,9,9654.0,4111,5543.0,June,2022
449,252,449,2022-06-27,3112,COD,20,10,155.6,1065,102.35,June,2022
450,253,450,2021-02-18,7838,UPI,13,11,602.92,1142,515.08,February,2021
451,253,451,2021-02-18,9300,Credit Card,6,11,1550.0,3146,1025.67,February,2021
452,253,452,2021-02-18,1733,Debit Card,17,9,101.94,133,94.12,February,2021
453,254,453,2023-05-29,874,Debit Card,15,10,58.27,235,42.6,May,2023
454,255,454,2021-06-04,874,Debit Card,15,10,58.27,235,42.6,June,2021
455,256,455,2024-01-22,1248,EMI,13,3,96.0,584,51.08,January,2024
456,256,457,2024-01-22,3669,EMI,14,7,262.07,154,251.07,January,2024
457,256,459,2024-01-22,514,Debit Card,15,9,34.27,109,27.0,January,2024
458,257,456,2022-12-27,1248,EMI,13,3,96.0,584,51.08,December,2022
459,257,458,2022-12-27,3669,EMI,14,7,262.07,154,251.07,December,2022
460,257,460,2022-12-27,514,Debit Card,15,9,34.27,109,27.0,December,2022
461,258,461,2024-03-30,3273,UPI,16,11,204.56,85,199.25,March,2024
462,259,462,2020-04-04,5035,COD,2,6,2517.5,2008,1513.5,April,2020
463,259,463,2020-04-04,7702,UPI,19,2,405.37,60,402.21,April,2020
464,259,464,2020-04-04,9884,EMI,7,2,1412.0,4446,776.86,April,2020
465,260,465,2023-01-22,5564,COD,11,4,505.82,175,489.91,January,2023
466,260,468,2023-01-22,3953,UPI,15,1,263.53,1776,145.13,January,2023
467,261,466,2022-04-12,5564,COD,11,4,505.82,175,489.91,April,2022
468,261,469,2022-04-12,3953,UPI,15,1,263.53,1776,145.13,April,2022
469,262,467,2023-12-13,5564,COD,11,4,505.82,175,489.91,December,2023
470,262,470,2023-12-13,3953,UPI,15,1,263.53,1776,145.13,December,2023
471,263,471,2023-05-24,6488,EMI,18,2,360.44,1591,272.06,May,2023
472,264,472,2020-11-29,6488,EMI,18,2,360.44,1591,272.06,November,2020
473,265,473,2021-03-24,7856,UPI,17,1,462.12,3699,244.53,March,2021
474,265,474,2021-03-24,1165,EMI,3,3,388.33,51,371.33,March,2021
475,266,475,2020-08-19,9386,Credit Card,20,7,469.3,2555,341.55,August,2020
476,267,476,2022-10-20,9386,Credit Card,20,7,469.3,2555,341.55,October,2022
477,268,477,2023-09-20,3956,Debit Card,12,3,329.67,142,317.83,September,2023
478,268,479,2023-09-20,6449,EMI,11,12,586.27,2628,347.36,September,2023
479,269,478,2024-12-26,3956,Debit Card,12,3,329.67,142,317.83,December,2024
480,269,480,2024-12-26,6449,EMI,11,12,586.27,2628,347.36,December,2024
481,270,481,2021-12-03,6255,COD,18,7,347.5,437,323.22,December,2021
482,270,482,2021-12-03,2109,UPI,20,1,105.45,681,71.4,December,2021
483,271,483,2021-09-14,6707,Credit Card,20,11,335.35,1041,283.3,September,2021
484,272,484,2021-09-30,7633,COD,13,3,587.15,184,573.0,September,2021
485,273,485,2021-12-22,975,COD,18,3,54.17,224,41.72,December,2021
486,273,486,2021-12-22,4492,EMI,7,5,641.71,1450,434.57,December,2021
487,273,487,2021-12-22,7957,UPI,12,6,663.08,2834,426.92,December,2021
488,274,488,2022-05-18,4906,Debit Card,7,5,700.86,975,561.57,May,2022
489,275,489,2020-10-08,1379,Credit Card,3,3,459.67,250,376.33,October,2020
490,275,490,2020-10-08,4244,Debit Card,10,4,424.4,340,390.4,October,2020
491,276,491,2022-08-20,5911,EMI,14,12,422.21,2333,255.57,August,2022
492,276,493,2022-08-20,1818,EMI,11,7,165.27,738,98.18,August,2022
493,277,492,2024-11-25,5911,EMI,14,12,422.21,2333,255.57,November,2024
494,277,494,2024-11-25,1818,EMI,11,7,165.27,738,98.18,November,2024
495,278,495,2020-09-30,2140,Credit Card,4,9,535.0,970,292.5,September,2020
496,278,498,2020-09-30,2670,Debit Card,1,4,2670.0,1026,1644.0,September,2020
497,279,496,2025-02-20,2140,Credit Card,4,9,535.0,970,292.5,February,2025
498,279,499,2025-02-20,2670,Debit Card,1,4,2670.0,1026,1644.0,February,2025
499,280,497,2022-03-20,2140,Credit Card,4,9,535.0,970,292.5,March,2022
500,280,500,2022-03-20,2670,Debit Card,1,4,2670.0,1026,1644.0,March,2022
501,281,501,2025-03-07,1108,Debit Card,18,4,61.56,167,52.28,March,2025
502,281,502,2025-03-07,9776,UPI,9,10,1086.22,3750,669.56,March,2025
503,281,503,2025-03-07,535,COD,6,12,89.17,72,77.17,March,2025
504,282,504,2024-06-16,7564,Credit Card,5,9,1512.8,3463,820.2,June,2024
505,282,508,2024-06-16,3409,UPI,20,1,170.45,1605,90.2,June,2024
506,283,505,2020-11-21,7564,Credit Card,5,9,1512.8,3463,820.2,November,2020
507,283,509,2020-11-21,3409,UPI,20,1,170.45,1605,90.2,November,2020
508,284,506,2024-10-01,7564,Credit Card,5,9,1512.8,3463,820.2,October,2024
509,284,510,2024-10-01,3409,UPI,20,1,170.45,1605,90.2,October,2024
510,285,507,2024-07-01,7564,Credit Card,5,9,1512.8,3463,820.2,July,2024
511,285,511,2024-07-01,3409,UPI,20,1,170.45,1605,90.2,July,2024
512,286,512,2020-11-23,9751,COD,13,3,750.08,2459,560.92,November,2020
513,287,513,2023-03-18,6385,Credit Card,11,2,580.45,2656,339.0,March,2023
514,288,514,2022-10-19,6385,Credit Card,11,2,580.45,2656,339.0,October,2022
515,289,515,2023-08-31,6355,Debit Card,15,1,423.67,1335,334.67,August,2023
516,290,516,2021-06-06,6355,Debit Card,15,1,423.67,1335,334.67,June,2021
517,291,517,2022-12-21,7377,Debit Card,15,2,491.8,320,470.47,December,2022
518,291,518,2022-12-21,2054,EMI,12,7,171.17,371,140.25,December,2022
519,292,519,2024-02-12,7497,COD,18,6,416.5,319,398.78,February,2024
520,293,520,2022-12-05,2565,Debit Card,20,1,128.25,983,79.1,December,2022
521,293,521,2022-12-05,5024,COD,19,3,264.42,1544,183.16,December,2022
522,294,522,2021-04-04,8243,Debit Card,15,10,549.53,1346,459.8,April,2021
523,295,523,2021-02-12,7792,UPI,13,9,599.38,1403,491.46,February,2021
524,295,526,2021-02-12,2346,Debit Card,14,6,167.57,388,139.86,February,2021
525,296,524,2022-12-27,7792,UPI,13,9,599.38,1403,491.46,December,2022
526,296,527,2022-12-27,2346,Debit Card,14,6,167.57,388,139.86,December,2022
527,297,525,2024-01-19,7792,UPI,13,9,599.38,1403,491.46,January,2024
528,297,528,2024-01-19,2346,Debit Card,14,6,167.57,388,139.86,January,2024
529,298,529,2022-12-25,7346,Credit Card,10,8,734.6,1043,630.3,December,2022
530,298,530,2022-12-25,9770,UPI,7,1,1395.71,4132,805.43,December,2022
531,298,531,2022-12-25,7179,Credit Card,13,4,552.23,683,499.69,December,2022
532,299,532,2022-10-06,5449,UPI,2,11,2724.5,2389,1530.0,October,2022
533,300,533,2020-04-27,2895,COD,6,6,482.5,104,465.17,April,2020
534,300,535,2020-04-27,697,UPI,1,6,697.0,116,581.0,April,2020
535,301,534,2024-05-13,2895,COD,6,6,482.5,104,465.17,May,2024
536,301,536,2024-05-13,697,UPI,1,6,697.0,116,581.0,May,2024
537,302,537,2020-10-23,6145,COD,4,6,1536.25,1414,1182.75,October,2020
538,302,538,2020-10-23,2504,UPI,18,2,139.11,440,114.67,October,2020
539,302,539,2020-10-23,3124,Debit Card,16,11,195.25,138,186.62,October,2020
540,303,540,2021-06-11,6934,Debit Card,1,1,6934.0,1226,5708.0,June,2021
541,304,541,2021-09-08,6934,Debit Card,1,1,6934.0,1226,5708.0,September,2021
542,305,542,2022-11-23,4202,COD,3,7,1400.67,1171,1010.33,November,2022
543,306,543,2022-10-31,4202,COD,3,7,1400.67,1171,1010.33,October,2022
544,307,544,2023-11-06,4202,COD,3,7,1400.67,1171,1010.33,November,2023
545,308,545,2023-11-12,4202,COD,3,7,1400.67,1171,1010.33,November,2023
546,309,546,2023-06-26,2239,UPI,1,2,2239.0,828,1411.0,June,2023
547,309,548,2023-06-26,2450,Debit Card,4,11,612.5,1002,362.0,June,2023
548,310,547,2023-09-30,2239,UPI,1,2,2239.0,828,1411.0,September,2023
549,310,549,2023-09-30,2450,Debit Card,4,11,612.5,1002,362.0,September,2023
550,311,550,2020-09-12,9827,Debit Card,13,6,755.92,4208,432.23,September,2020
551,311,551,2020-09-12,8077,Credit Card,15,8,538.47,240,522.47,September,2020
552,312,552,2020-11-27,5152,UPI,14,11,368.0,2045,221.93,November,2020
553,313,553,2022-08-25,5152,UPI,14,11,368.0,2045,221.93,August,2022
554,314,554,2023-08-23,5152,UPI,14,11,368.0,2045,221.93,August,2023
555,315,555,2023-10-11,5152,UPI,14,11,368.0,2045,221.93,October,2023
556,316,556,2022-04-21,2542,Credit Card,1,7,2542.0,190,2352.0,April,2022
557,317,557,2023-09-14,8102,UPI,5,7,1620.4,1800,1260.4,September,2023
558,317,560,2023-09-14,3234,EMI,10,5,323.4,1274,196.0,September,2023
559,318,558,2020-04-29,8102,UPI,5,7,1620.4,1800,1260.4,April,2020
560,318,561,2020-04-29,3234,EMI,10,5,323.4,1274,196.0,April,2020
561,319,559,2020-12-15,8102,UPI,5,7,1620.4,1800,1260.4,December,2020
562,319,562,2020-12-15,3234,EMI,10,5,323.4,1274,196.0,December,2020
563,320,563,2024-07-11,6200,Credit Card,18,5,344.44,2321,215.5,July,2024
564,321,564,2024-09-21,6200,Credit Card,18,5,344.44,2321,215.5,September,2024
565,322,565,2025-02-02,4470,UPI,13,4,343.85,413,312.08,February,2025
566,323,566,2022-10-21,916,UPI,7,3,130.86,362,79.14,October,2022
567,323,568,2022-10-21,1165,UPI,20,8,58.25,302,43.15,October,2022
568,323,570,2022-10-21,7846,UPI,12,6,653.83,677,597.42,October,2022
569,324,567,2020-10-21,916,UPI,7,3,130.86,362,79.14,October,2020
570,324,569,2020-10-21,1165,UPI,20,8,58.25,302,43.15,October,2020
571,324,571,2020-10-21,7846,UPI,12,6,653.83,677,597.42,October,2020
572,325,572,2022-01-11,3022,Credit Card,1,3,3022.0,384,2638.0,January,2022
573,325,574,2022-01-11,5266,Debit Card,13,1,405.08,1111,319.62,January,2022
574,326,573,2021-02-17,3022,Credit Card,1,3,3022.0,384,2638.0,February,2021
575,326,575,2021-02-17,5266,Debit Card,13,1,405.08,1111,319.62,February,2021
576,327,576,2021-11-06,4853,Debit Card,9,3,539.22,1764,343.22,November,2021
577,328,577,2022-08-30,4853,Debit Card,9,3,539.22,1764,343.22,August,2022
578,329,578,2022-10-07,9832,COD,1,3,9832.0,1270,8562.0,October,2022
579,329,579,2022-10-07,796,Credit Card,15,3,53.07,153,42.87,October,2022
580,330,580,2023-06-04,883,COD,7,6,126.14,127,108.0,June,2023
581,330,581,2023-06-04,4539,Debit Card,8,12,567.38,1155,423.0,June,2023
582,330,582,2023-06-04,9659,Debit Card,16,10,603.69,2226,464.56,June,2023
583,331,583,2022-05-13,9562,Debit Card,2,2,4781.0,325,4618.5,May,2022
584,332,584,2023-01-23,4688,Credit Card,3,4,1562.67,1841,949.0,January,2023
585,333,585,2021-07-25,4688,Credit Card,3,4,1562.67,1841,949.0,July,2021
586,334,586,2025-03-08,7900,COD,4,11,1975.0,482,1854.5,March,2025
587,335,587,2022-12-25,6967,COD,17,12,409.82,3257,218.24,December,2022
588,335,588,2022-12-25,1091,COD,6,9,181.83,277,135.67,December,2022
589,335,589,2022-12-25,6027,Credit Card,2,10,3013.5,1530,2248.5,December,2022
590,336,590,2024-04-24,4852,EMI,2,5,2426.0,218,2317.0,April,2024
591,337,591,2021-12-24,4852,EMI,2,5,2426.0,218,2317.0,December,2021
592,338,592,2023-09-07,4852,EMI,2,5,2426.0,218,2317.0,September,2023
593,339,593,2021-08-10,4314,COD,6,8,719.0,1453,476.83,August,2021
594,340,594,2024-05-26,3288,EMI,3,3,1096.0,1477,603.67,May,2024
595,341,595,2022-02-19,3288,EMI,3,3,1096.0,1477,603.67,February,2022
596,342,596,2024-12-09,3977,Credit Card,5,10,795.4,813,632.8,December,2024
597,343,597,2023-06-01,6252,EMI,2,2,3126.0,1377,2437.5,June,2023
598,344,598,2023-11-05,9084,Debit Card,12,3,757.0,3253,485.92,November,2023
599,345,599,2020-06-21,8994,Credit Card,15,11,599.6,1481,500.87,June,2020
600,346,600,2020-10-26,1089,EMI,16,7,68.06,176,57.06,October,2020
601,347,601,2022-06-06,6690,UPI,19,10,352.11,1001,299.42,June,2022
602,347,603,2022-06-06,4985,Credit Card,10,12,498.5,1920,306.5,June,2022
603,348,602,2021-11-13,6690,UPI,19,10,352.11,1001,299.42,November,2021
604,348,604,2021-11-13,4985,Credit Card,10,12,498.5,1920,306.5,November,2021
605,349,605,2021-11-11,8590,EMI,15,1,572.67,3565,335.0,November,2021
606,349,606,2021-11-11,6973,COD,10,5,697.3,3038,393.5,November,2021
607,350,607,2021-07-31,4591,EMI,19,2,241.63,1941,139.47,July,2021
608,350,608,2021-07-31,9612,Credit Card,17,3,565.41,2572,414.12,July,2021
609,351,609,2024-04-13,5343,EMI,1,6,5343.0,655,4688.0,April,2024
610,352,610,2022-04-19,6956,Debit Card,20,7,347.8,318,331.9,April,2022
611,353,611,2024-03-23,5306,EMI,17,5,312.12,2405,170.65,March,2024
612,354,612,2021-05-07,8982,UPI,17,8,528.35,448,502.0,May,2021
613,354,613,2021-05-07,4826,Debit Card,5,9,965.2,562,852.8,May,2021
614,355,614,2022-05-06,972,EMI,15,3,64.8,106,57.73,May,2022
615,356,615,2021-08-09,3665,Credit Card,4,7,916.25,802,715.75,August,2021
616,357,616,2025-02-09,3665,Credit Card,4,7,916.25,802,715.75,February,2025
617,358,617,2024-04-23,9808,UPI,2,3,4904.0,2117,3845.5,April,2024
618,359,618,2023-02-23,1133,UPI,17,6,66.65,73,62.35,February,2023
619,359,620,2023-02-23,6248,COD,19,12,328.84,1168,267.37,February,2023
620,360,619,2024-06-06,1133,UPI,17,6,66.65,73,62.35,June,2024
621,360,621,2024-06-06,6248,COD,19,12,328.84,1168,267.37,June,2024
622,361,622,2025-01-27,5666,Credit Card,17,1,333.29,2733,172.53,January,2025
623,362,623,2023-04-07,4171,COD,18,7,231.72,1450,151.17,April,2023
624,363,624,2022-01-20,6236,Credit Card,7,2,890.86,2839,485.29,January,2022
625,364,625,2022-05-10,6236,Credit Card,7,2,890.86,2839,485.29,May,2022
626,365,626,2024-05-29,5410,Credit Card,8,6,676.25,2456,369.25,May,2024
627,366,627,2022-01-04,5410,Credit Card,8,6,676.25,2456,369.25,January,2022
628,367,628,2024-05-02,3024,Credit Card,1,8,3024.0,1353,1671.0,May,2024
629,368,629,2021-12-28,3024,Credit Card,1,8,3024.0,1353,1671.0,December,2021
630,369,630,2022-12-12,7434,UPI,5,7,1486.8,2851,916.6,December,2022
631,370,631,2023-08-17,7213,Debit Card,19,1,379.63,508,352.89,August,2023
632,370,633,2023-08-17,3176,EMI,9,5,352.89,586,287.78,August,2023
633,371,632,2021-11-29,7213,Debit Card,19,1,379.63,508,352.89,November,2021
634,371,634,2021-11-29,3176,EMI,9,5,352.89,586,287.78,November,2021
635,372,635,2021-06-13,9144,Credit Card,18,10,508.0,2220,384.67,June,2021
636,373,636,2022-07-04,4146,EMI,19,5,218.21,865,172.68,July,2022
637,373,637,2022-07-04,3793,EMI,7,5,541.86,875,416.86,July,2022
638,374,638,2021-06-27,7169,COD,11,8,651.73,2385,434.91,June,2021
639,374,639,2021-06-27,4046,Credit Card,18,6,224.78,417,201.61,June,2021
640,375,640,2023-12-04,4164,COD,11,11,378.55,905,296.27,December,2023
641,375,641,2023-12-04,5389,UPI,5,5,1077.8,2196,638.6,December,2023
642,376,642,2022-08-09,5448,COD,5,8,1089.6,2204,648.8,August,2022
643,377,643,2020-04-08,4115,UPI,1,8,4115.0,1285,2830.0,April,2020
644,377,644,2020-04-08,4761,UPI,12,5,396.75,2231,210.83,April,2020
645,378,645,2023-10-20,5899,EMI,6,10,983.17,2264,605.83,October,2023
646,379,646,2022-02-10,6109,EMI,9,6,678.78,3040,341.0,February,2022
647,379,648,2022-02-10,4628,UPI,17,1,272.24,1491,184.53,February,2022
648,380,647,2023-10-05,6109,EMI,9,6,678.78,3040,341.0,October,2023
649,380,649,2023-10-05,4628,UPI,17,1,272.24,1491,184.53,October,2023
650,381,650,2022-09-22,4369,Credit Card,13,3,336.08,584,291.15,September,2022
651,382,651,2021-04-03,4369,Credit Card,13,3,336.08,584,291.15,April,2021
652,383,652,2021-05-03,5632,Credit Card,20,8,281.6,2358,163.7,May,2021
653,384,653,2024-02-11,5632,Credit Card,20,8,281.6,2358,163.7,February,2024
654,385,654,2025-02-04,5632,Credit Card,20,8,281.6,2358,163.7,February,2025
655,386,655,2022-10-12,7519,UPI,14,9,537.07,402,508.36,October,2022
656,386,656,2022-10-12,1564,Debit Card,13,1,120.31,674,68.46,October,2022
657,387,657,2022-02-06,2804,Credit Card,10,1,280.4,936,186.8,February,2022
658,388,658,2020-11-09,2804,Credit Card,10,1,280.4,936,186.8,November,2020
659,389,659,2023-05-03,2804,Credit Card,10,1,280.4,936,186.8,May,2023
660,390,660,2022-10-04,2321,EMI,6,6,386.83,505,302.67,October,2022
661,391,661,2024-08-21,5730,COD,6,4,955.0,482,874.67,August,2024
662,392,662,2021-11-20,7441,COD,12,8,620.08,867,547.83,November,2021
663,393,663,2020-05-13,7441,COD,12,8,620.08,867,547.83,May,2020
664,394,664,2023-02-28,1732,UPI,7,10,247.43,766,138.0,February,2023
665,394,665,2023-02-28,8788,EMI,19,9,462.53,3944,254.95,February,2023
666,395,666,2021-01-21,838,EMI,11,7,76.18,271,51.55,January,2021
667,395,668,2021-01-21,3577,UPI,2,5,1788.5,699,1439.0,January,2021
668,396,667,2022-02-28,838,EMI,11,7,76.18,271,51.55,February,2022
669,396,669,2022-02-28,3577,UPI,2,5,1788.5,699,1439.0,February,2022
670,397,670,2024-04-25,7122,Debit Card,6,11,1187.0,1836,881.0,April,2024
671,397,673,2024-04-25,7327,Credit Card,15,7,488.47,2596,315.4,April,2024
672,398,671,2023-03-10,7122,Debit Card,6,11,1187.0,1836,881.0,March,2023
673,398,674,2023-03-10,7327,Credit Card,15,7,488.47,2596,315.4,March,2023
674,399,672,2023-07-10,7122,Debit Card,6,11,1187.0,1836,881.0,July,2023
675,399,675,2023-07-10,7327,Credit Card,15,7,488.47,2596,315.4,July,2023
676,400,676,2024-07-28,2239,COD,18,2,124.39,1094,63.61,July,2024
677,400,677,2024-07-28,4932,COD,1,7,4932.0,1153,3779.0,July,2024
678,401,678,2023-07-30,4609,UPI,8,2,576.12,1084,440.62,July,2023
679,401,679,2023-07-30,2328,UPI,4,9,582.0,788,385.0,July,2023
680,401,680,2023-07-30,4734,Debit Card,7,2,676.29,958,539.43,July,2023
681,402,681,2024-10-05,1388,UPI,5,8,277.6,345,208.6,October,2024
682,402,682,2024-10-05,8555,Credit Card,8,4,1069.38,1638,864.62,October,2024
683,403,683,2024-02-20,9024,Credit Card,4,5,2256.0,730,2073.5,February,2024
684,403,684,2024-02-20,2468,Credit Card,4,4,617.0,418,512.5,February,2024
685,404,685,2023-04-19,9438,COD,4,1,2359.5,1801,1909.25,April,2023
686,405,686,2023-10-29,9438,COD,4,1,2359.5,1801,1909.25,October,2023
687,406,687,2022-03-08,2685,UPI,18,11,149.17,379,128.11,March,2022
688,406,689,2022-03-08,9916,UPI,14,6,708.29,4602,379.57,March,2022
689,406,691,2022-03-08,6184,Credit Card,14,1,441.71,50,438.14,March,2022
690,406,693,2022-03-08,4548,Debit Card,8,7,568.5,2135,301.62,March,2022
691,407,688,2022-12-08,2685,UPI,18,11,149.17,379,128.11,December,2022
692,407,690,2022-12-08,9916,UPI,14,6,708.29,4602,379.57,December,2022
693,407,692,2022-12-08,6184,Credit Card,14,1,441.71,50,438.14,December,2022
694,407,694,2022-12-08,4548,Debit Card,8,7,568.5,2135,301.62,December,2022
695,408,695,2024-07-27,7195,COD,7,7,1027.86,1665,790.0,July,2024
696,409,696,2022-07-05,7195,COD,7,7,1027.86,1665,790.0,July,2022
697,410,697,2024-07-04,3098,COD,18,12,172.11,957,118.94,July,2024
698,411,698,2024-02-28,5412,Credit Card,18,5,300.67,1192,234.44,February,2024
699,412,699,2025-01-03,5412,Credit Card,18,5,300.67,1192,234.44,January,2025
700,413,700,2021-12-07,1397,Credit Card,11,6,127.0,686,64.64,December,2021
701,414,701,2021-12-14,9279,EMI,14,6,662.79,552,623.36,December,2021
702,414,703,2021-12-14,2596,Credit Card,19,9,136.63,1003,83.84,December,2021
703,415,702,2020-11-30,9279,EMI,14,6,662.79,552,623.36,November,2020
704,415,704,2020-11-30,2596,Credit Card,19,9,136.63,1003,83.84,November,2020
705,416,705,2021-12-29,6732,EMI,19,12,354.32,911,306.37,December,2021
706,416,706,2021-12-29,4495,EMI,14,3,321.07,1408,220.5,December,2021
707,417,707,2024-07-08,9653,UPI,6,9,1608.83,2471,1197.0,July,2024
708,418,708,2021-02-10,8945,UPI,10,5,894.5,1728,721.7,February,2021
709,419,709,2020-10-21,4007,COD,13,12,308.23,201,292.77,October,2020
710,420,710,2023-04-17,4007,COD,13,12,308.23,201,292.77,April,2023
711,421,711,2020-10-21,810,EMI,18,12,45.0,231,32.17,October,2020
712,422,712,2023-12-28,9789,Debit Card,18,12,543.83,2071,428.78,December,2023
713,422,713,2023-12-28,9229,COD,8,1,1153.62,4090,642.38,December,2023
714,423,714,2022-12-23,8141,Debit Card,18,7,452.28,3968,231.83,December,2022
715,423,716,2022-12-23,1067,EMI,14,8,76.21,251,58.29,December,2022
716,424,715,2022-08-10,8141,Debit Card,18,7,452.28,3968,231.83,August,2022
717,424,717,2022-08-10,1067,EMI,14,8,76.21,251,58.29,August,2022
718,425,718,2023-10-17,3839,UPI,10,10,383.9,1415,242.4,October,2023
719,426,719,2022-02-28,3839,UPI,10,10,383.9,1415,242.4,February,2022
720,427,720,2024-05-24,2858,COD,13,1,219.85,482,182.77,May,2024
721,428,721,2020-10-02,2137,Debit Card,12,12,178.08,638,124.92,October,2020
722,428,722,2020-10-02,2831,Debit Card,12,6,235.92,1289,128.5,October,2020
723,429,723,2024-02-10,3913,UPI,15,8,260.87,961,196.8,February,2024
724,430,724,2021-02-06,3913,UPI,15,8,260.87,961,196.8,February,2021
725,431,725,2022-03-16,4468,COD,9,9,496.44,1940,280.89,March,2022
726,432,726,2020-05-24,1579,Credit Card,9,4,175.44,602,108.56,May,2020
727,432,730,2020-05-24,3760,EMI,19,6,197.89,1849,100.58,May,2020
728,433,727,2025-02-16,1579,Credit Card,9,4,175.44,602,108.56,February,2025
729,433,731,2025-02-16,3760,EMI,19,6,197.89,1849,100.58,February,2025
730,434,728,2021-11-16,1579,Credit Card,9,4,175.44,602,108.56,November,2021
731,434,732,2021-11-16,3760,EMI,19,6,197.89,1849,100.58,November,2021
732,435,729,2024-09-08,1579,Credit Card,9,4,175.44,602,108.56,September,2024
733,435,733,2024-09-08,3760,EMI,19,6,197.89,1849,100.58,September,2024
734,436,734,2022-06-29,8706,Credit Card,14,3,621.86,3099,400.5,June,2022
735,436,735,2022-06-29,4708,Credit Card,14,1,336.29,696,286.57,June,2022
736,436,736,2022-06-29,8089,COD,17,6,475.82,3132,291.59,June,2022
737,437,737,2022-11-03,5462,Debit Card,12,2,455.17,673,399.08,November,2022
738,438,738,2023-11-28,6392,Credit Card,18,1,355.11,444,330.44,November,2023
739,439,739,2020-04-25,8706,Debit Card,3,1,2902.0,1724,2327.33,April,2020
740,440,740,2022-01-18,2349,UPI,4,3,587.25,319,507.5,January,2022
741,440,741,2022-01-18,8220,UPI,14,6,587.14,3882,309.86,January,2022
742,440,742,2022-01-18,2379,Debit Card,7,6,339.86,279,300.0,January,2022
743,440,743,2022-01-18,7377,UPI,4,7,1844.25,2049,1332.0,January,2022
744,441,744,2022-03-23,717,Credit Card,16,5,44.81,158,34.94,March,2022
745,441,750,2022-03-23,508,UPI,17,8,29.88,177,19.47,March,2022
746,442,745,2020-06-24,717,Credit Card,16,5,44.81,158,34.94,June,2020
747,442,751,2020-06-24,508,UPI,17,8,29.88,177,19.47,June,2020
748,443,746,2022-12-23,717,Credit Card,16,5,44.81,158,34.94,December,2022
749,443,752,2022-12-23,508,UPI,17,8,29.88,177,19.47,December,2022
750,444,747,2024-11-24,717,Credit Card,16,5,44.81,158,34.94,November,2024
751,444,753,2024-11-24,508,UPI,17,8,29.88,177,19.47,November,2024
752,445,748,2020-11-06,717,Credit Card,16,5,44.81,158,34.94,November,2020
753,445,754,2020-11-06,508,UPI,17,8,29.88,177,19.47,November,2020
754,446,749,2023-10-24,717,Credit Card,16,5,44.81,158,34.94,October,2023
755,446,755,2023-10-24,508,UPI,17,8,29.88,177,19.47,October,2023
756,447,756,2023-07-18,9382,Debit Card,3,2,3127.33,1085,2765.67,July,2023
757,447,758,2023-07-18,4936,COD,19,5,259.79,576,229.47,July,2023
758,448,757,2022-05-16,9382,Debit Card,3,2,3127.33,1085,2765.67,May,2022
759,448,759,2022-05-16,4936,COD,19,5,259.79,576,229.47,May,2022
760,449,760,2024-06-16,2663,COD,19,8,140.16,64,136.79,June,2024
761,450,761,2021-10-23,2663,COD,19,8,140.16,64,136.79,October,2021
762,451,762,2022-10-22,5151,EMI,5,2,1030.2,1680,694.2,October,2022
763,452,763,2023-07-17,2514,UPI,8,3,314.25,95,302.38,July,2023
764,453,764,2025-02-24,6129,EMI,2,4,3064.5,2976,1576.5,February,2025
765,453,765,2025-02-24,4395,COD,3,12,1465.0,1663,910.67,February,2025
766,454,766,2021-03-07,5393,UPI,8,6,674.12,2642,343.88,March,2021
767,455,767,2021-01-03,2280,Credit Card,8,11,285.0,509,221.38,January,2021
768,456,768,2023-05-03,6596,Debit Card,9,9,732.89,1439,573.0,May,2023
769,457,769,2023-10-25,4510,EMI,5,9,902.0,1896,522.8,October,2023
770,458,770,2022-08-21,6077,COD,18,11,337.61,2378,205.5,August,2022
771,459,771,2022-04-16,5379,COD,17,2,316.41,2510,168.76,April,2022
772,460,772,2023-04-02,4629,EMI,16,7,289.31,1660,185.56,April,2023
773,461,773,2024-10-21,2710,Debit Card,20,4,135.5,555,107.75,October,2024
774,461,774,2024-10-21,3224,UPI,14,10,230.29,1018,157.57,October,2024
775,462,775,2021-07-09,8042,EMI,15,7,536.13,936,473.73,July,2021
776,463,776,2022-04-08,8042,EMI,15,7,536.13,936,473.73,April,2022
777,464,777,2022-04-30,3957,EMI,10,10,395.7,151,380.6,April,2022
778,465,778,2023-01-20,8769,Debit Card,16,7,548.06,3178,349.44,January,2023
779,466,779,2024-11-17,2957,Debit Card,16,3,184.81,917,127.5,November,2024
780,467,780,2022-04-23,5344,Debit Card,6,9,890.67,2607,456.17,April,2022
781,468,781,2025-02-18,5344,Debit Card,6,9,890.67,2607,456.17,February,2025
782,469,782,2021-05-27,6061,EMI,19,4,319.0,2121,207.37,May,2021
783,470,783,2022-01-17,6061,EMI,19,4,319.0,2121,207.37,January,2022
784,471,784,2025-01-15,5376,Credit Card,7,5,768.0,1928,492.57,January,2025
785,472,785,2021-02-14,2792,COD,8,2,349.0,1008,223.0,February,2021
786,473,786,2024-08-31,2944,Credit Card,5,10,588.8,249,539.0,August,2024
787,474,787,2022-12-26,2944,Credit Card,5,10,588.8,249,539.0,December,2022
788,475,788,2024-03-21,4220,EMI,13,7,324.62,945,251.92,March,2024
789,476,789,2020-12-15,4220,EMI,13,7,324.62,945,251.92,December,2020
790,477,790,2023-03-21,8526,Debit Card,4,10,2131.5,1704,1705.5,March,2023
791,478,791,2023-06-08,8218,Credit Card,19,12,432.53,1430,357.26,June,2023
792,479,792,2022-07-17,599,Credit Card,4,11,149.75,265,83.5,July,2022
793,479,794,2022-07-17,2727,Credit Card,10,12,272.7,543,218.4,July,2022
794,480,793,2024-12-05,599,Credit Card,4,11,149.75,265,83.5,December,2024
795,480,795,2024-12-05,2727,Credit Card,10,12,272.7,543,218.4,December,2024
796,481,796,2023-11-02,2589,EMI,11,3,235.36,605,180.36,November,2023
797,482,797,2024-10-05,2589,EMI,11,3,235.36,605,180.36,October,2024
798,483,798,2022-11-13,3776,EMI,9,1,419.56,1100,297.33,November,2022
799,484,799,2022-12-28,3776,EMI,9,1,419.56,1100,297.33,December,2022
800,485,800,2025-02-26,5402,EMI,12,12,450.17,1666,311.33,February,2025
801,486,801,2022-11-12,5165,EMI,16,3,322.81,885,267.5,November,2022
802,486,802,2022-11-12,4863,EMI,4,12,1215.75,2394,617.25,November,2022
803,487,803,2021-06-07,1626,EMI,15,3,108.4,258,91.2,June,2021
804,488,804,2020-09-26,8851,EMI,7,5,1264.43,3962,698.43,September,2020
805,489,805,2024-04-29,9680,COD,9,5,1075.56,3295,709.44,April,2024
806,489,806,2024-04-29,8468,UPI,8,3,1058.5,3666,600.25,April,2024
807,489,807,2024-04-29,4441,Debit Card,14,6,317.21,314,294.79,April,2024
808,490,808,2024-04-10,6622,COD,8,8,827.75,2673,493.62,April,2024
809,491,809,2023-12-21,3260,UPI,17,5,191.76,207,179.59,December,2023
810,492,810,2024-05-02,8709,Debit Card,8,5,1088.62,2322,798.38,May,2024
811,493,811,2024-11-21,8709,Debit Card,8,5,1088.62,2322,798.38,November,2024
812,494,812,2022-03-17,5250,COD,1,10,5250.0,187,5063.0,March,2022
813,495,813,2023-05-14,5250,COD,1,10,5250.0,187,5063.0,May,2023
814,496,814,2024-10-07,4116,UPI,20,9,205.8,921,159.75,October,2024
815,497,815,2020-09-08,4116,UPI,20,9,205.8,921,159.75,September,2020
816,498,816,2021-08-19,1109,UPI,15,9,73.93,418,46.07,August,2021
817,499,817,2022-10-12,3573,EMI,7,3,510.43,562,430.14,October,2022
818,499,820,2022-10-12,8055,EMI,10,11,805.5,661,739.4,October,2022
819,500,818,2020-05-23,3573,EMI,7,3,510.43,562,430.14,May,2020
820,500,821,2020-05-23,8055,EMI,10,11,805.5,661,739.4,May,2020
821,501,819,2020-04-18,3573,EMI,7,3,510.43,562,430.14,April,2020
822,501,822,2020-04-18,8055,EMI,10,11,805.5,661,739.4,April,2020
823,502,823,2022-06-04,6829,EMI,2,4,3414.5,2609,2110.0,June,2022
824,502,824,2022-06-04,6390,COD,12,9,532.5,3089,275.08,June,2022
825,503,825,2022-11-16,5831,Debit Card,17,3,343.0,1574,250.41,November,2022
826,504,826,2024-07-18,5831,Debit Card,17,3,343.0,1574,250.41,July,2024
827,505,827,2023-07-16,5831,Debit Card,17,3,343.0,1574,250.41,July,2023
828,506,828,2020-08-10,7952,Debit Card,8,8,994.0,3865,510.88,August,2020
829,507,829,2024-06-22,3659,UPI,5,12,731.8,379,656.0,June,2024
830,508,830,2020-07-13,4183,Debit Card,4,3,1045.75,1159,756.0,July,2020
831,509,831,2024-04-16,7478,EMI,11,11,679.82,1381,554.27,April,2024
832,510,832,2021-03-13,702,COD,9,11,78.0,238,51.56,March,2021
833,511,833,2023-04-01,4037,EMI,15,6,269.13,1494,169.53,April,2023
834,512,834,2020-11-10,5014,COD,2,6,2507.0,2332,1341.0,November,2020
835,513,835,2023-06-08,9879,Debit Card,15,4,658.6,4930,329.93,June,2023
836,514,836,2021-08-17,8762,Debit Card,1,11,8762.0,3502,5260.0,August,2021
837,515,837,2020-05-24,8490,EMI,1,3,8490.0,800,7690.0,May,2020
838,516,838,2021-08-12,6951,UPI,10,8,695.1,164,678.7,August,2021
839,517,839,2022-09-03,1078,Credit Card,3,11,359.33,309,256.33,September,2022
840,518,840,2020-10-01,1078,Credit Card,3,11,359.33,309,256.33,October,2020
841,519,841,2022-05-27,8560,EMI,19,10,450.53,2166,336.53,May,2022
842,519,842,2022-05-27,1031,UPI,20,1,51.55,318,35.65,May,2022
843,520,843,2024-03-10,6402,Debit Card,19,7,336.95,2770,191.16,March,2024
844,520,845,2024-03-10,5916,Debit Card,19,2,311.37,1594,227.47,March,2024
845,521,844,2023-10-05,6402,Debit Card,19,7,336.95,2770,191.16,October,2023
846,521,846,2023-10-05,5916,Debit Card,19,2,311.37,1594,227.47,October,2023
847,522,847,2022-08-28,4015,Debit Card,15,6,267.67,1751,150.93,August,2022
848,523,848,2020-09-08,4015,Debit Card,15,6,267.67,1751,150.93,September,2020
849,524,849,2021-04-27,9335,COD,11,1,848.64,557,798.0,April,2021
850,525,850,2021-08-21,4706,COD,11,10,427.82,594,373.82,August,2021
851,525,852,2021-08-21,6584,UPI,6,7,1097.33,371,1035.5,August,2021
852,526,851,2021-05-16,4706,COD,11,10,427.82,594,373.82,May,2021
853,526,853,2021-05-16,6584,UPI,6,7,1097.33,371,1035.5,May,2021
854,527,854,2022-01-15,6389,EMI,1,8,6389.0,734,5655.0,January,2022
855,528,855,2023-03-21,9869,Debit Card,12,2,822.42,4299,464.17,March,2023
856,529,856,2023-12-28,9869,Debit Card,12,2,822.42,4299,464.17,December,2023
857,530,857,2022-02-15,655,Debit Card,4,7,163.75,297,89.5,February,2022
858,531,858,2023-11-30,655,Debit Card,4,7,163.75,297,89.5,November,2023
859,532,859,2023-01-12,798,Debit Card,10,11,79.8,308,49.0,January,2023
860,532,861,2023-01-12,7967,EMI,13,2,612.85,2504,420.23,January,2023
861,533,860,2023-05-19,798,Debit Card,10,11,79.8,308,49.0,May,2023
862,533,862,2023-05-19,7967,EMI,13,2,612.85,2504,420.23,May,2023
863,534,863,2024-02-19,3756,UPI,5,5,751.2,1318,487.6,February,2024
864,535,864,2021-12-01,5196,UPI,1,7,5196.0,2477,2719.0,December,2021
865,535,865,2021-12-01,6586,Debit Card,19,12,346.63,1794,252.21,December,2021
866,536,866,2024-12-19,6673,EMI,19,7,351.21,950,301.21,December,2024
867,537,867,2023-01-18,714,UPI,14,5,51.0,232,34.43,January,2023
868,538,868,2020-12-23,714,UPI,14,5,51.0,232,34.43,December,2020
869,539,869,2021-02-28,1083,COD,6,3,180.5,501,97.0,February,2021
870,540,870,2023-05-04,2401,UPI,10,12,240.1,1163,123.8,May,2023
871,540,873,2023-05-04,1045,Debit Card,11,11,95.0,267,70.73,May,2023
872,541,871,2020-04-22,2401,UPI,10,12,240.1,1163,123.8,April,2020
873,541,874,2020-04-22,1045,Debit Card,11,11,95.0,267,70.73,April,2020
874,542,872,2021-08-13,2401,UPI,10,12,240.1,1163,123.8,August,2021
875,542,875,2021-08-13,1045,Debit Card,11,11,95.0,267,70.73,August,2021
876,543,876,2023-07-20,7806,Credit Card,1,7,7806.0,1127,6679.0,July,2023
877,544,877,2022-08-28,5263,Credit Card,19,8,277.0,1743,185.26,August,2022
878,545,878,2023-03-14,6147,Debit Card,6,3,1024.5,2526,603.5,March,2023
879,546,879,2023-11-07,7484,UPI,15,11,498.93,2871,307.53,November,2023
880,546,881,2023-11-07,7700,Credit Card,1,8,7700.0,2712,4988.0,November,2023
881,547,880,2024-04-16,7484,UPI,15,11,498.93,2871,307.53,April,2024
882,547,882,2024-04-16,7700,Credit Card,1,8,7700.0,2712,4988.0,April,2024
883,548,883,2022-09-16,8537,UPI,13,7,656.69,3586,380.85,September,2022
884,549,884,2024-10-31,8858,COD,6,6,1476.33,3394,910.67,October,2024
885,550,885,2024-11-25,5313,Debit Card,7,2,759.0,2037,468.0,November,2024
886,551,886,2021-10-29,5313,Debit Card,7,2,759.0,2037,468.0,October,2021
887,552,887,2023-12-27,3281,EMI,7,8,468.71,471,401.43,December,2023
888,553,888,2023-06-25,3281,EMI,7,8,468.71,471,401.43,June,2023
889,554,889,2020-09-01,8681,Credit Card,9,3,964.56,2458,691.44,September,2020
890,555,890,2025-02-01,6195,EMI,18,8,344.17,1556,257.72,February,2025
891,556,891,2023-07-22,3877,Debit Card,16,6,242.31,481,212.25,July,2023
892,557,892,2022-02-04,3877,Debit Card,16,6,242.31,481,212.25,February,2022
893,558,893,2023-09-27,9369,Debit Card,6,2,1561.5,3297,1012.0,September,2023
894,558,895,2023-09-27,8680,Credit Card,20,2,434.0,4068,230.6,September,2023
895,558,897,2023-09-27,3067,UPI,8,4,383.38,1475,199.0,September,2023
896,559,894,2025-01-30,9369,Debit Card,6,2,1561.5,3297,1012.0,January,2025
897,559,896,2025-01-30,8680,Credit Card,20,2,434.0,4068,230.6,January,2025
898,559,898,2025-01-30,3067,UPI,8,4,383.38,1475,199.0,January,2025
899,560,899,2025-01-15,9002,EMI,2,7,4501.0,4197,2402.5,January,2025
900,561,900,2021-03-28,9002,EMI,2,7,4501.0,4197,2402.5,March,2021
901,562,901,2021-12-25,7105,COD,19,3,373.95,2782,227.53,December,2021
902,563,902,2023-02-03,5317,Debit Card,18,6,295.39,1345,220.67,February,2023
903,563,905,2023-02-03,6304,EMI,14,5,450.29,766,395.57,February,2023
904,564,903,2023-04-28,5317,Debit Card,18,6,295.39,1345,220.67,April,2023
905,564,906,2023-04-28,6304,EMI,14,5,450.29,766,395.57,April,2023
906,565,904,2024-11-22,5317,Debit Card,18,6,295.39,1345,220.67,November,2024
907,565,907,2024-11-22,6304,EMI,14,5,450.29,766,395.57,November,2024
908,566,908,2024-07-02,9565,Debit Card,3,9,3188.33,1691,2624.67,July,2024
909,566,909,2024-07-02,8245,EMI,11,9,749.55,324,720.09,July,2024
910,567,910,2022-01-18,1592,Debit Card,13,4,122.46,480,85.54,January,2022
911,568,911,2024-10-08,8400,Debit Card,5,11,1680.0,267,1626.6,October,2024
912,568,912,2024-10-08,4963,EMI,15,9,330.87,1254,247.27,October,2024
913,569,913,2020-06-21,2472,COD,5,2,494.4,211,452.2,June,2020
914,570,914,2023-12-14,9132,Debit Card,14,6,652.29,3096,431.14,December,2023
915,571,915,2020-12-16,8305,Debit Card,6,10,1384.17,1577,1121.33,December,2020
916,572,916,2025-03-15,1010,COD,19,1,53.16,58,50.11,March,2025
917,573,917,2024-08-21,4544,EMI,9,11,504.89,1726,313.11,August,2024
918,573,918,2024-08-21,5900,UPI,20,11,295.0,1738,208.1,August,2024
919,574,919,2021-05-27,8861,Credit Card,19,7,466.37,3381,288.42,May,2021
920,575,920,2020-09-21,8158,Debit Card,13,11,627.54,2052,469.69,September,2020
921,576,921,2025-01-11,3411,UPI,14,3,243.64,1704,121.93,January,2025
922,577,922,2021-10-20,9406,UPI,16,7,587.88,1137,516.81,October,2021
923,577,923,2021-10-20,1156,EMI,15,2,77.07,74,72.13,October,2021
924,578,924,2021-10-19,5354,UPI,10,12,535.4,743,461.1,October,2021
925,579,925,2024-07-07,8780,Credit Card,4,1,2195.0,3430,1337.5,July,2024
926,580,926,2023-07-25,8780,Credit Card,4,1,2195.0,3430,1337.5,July,2023
927,581,927,2020-04-16,6783,Debit Card,8,8,847.88,3306,434.62,April,2020
928,582,928,2020-07-04,1778,Credit Card,4,3,444.5,285,373.25,July,2020
929,583,929,2022-05-16,9399,UPI,12,2,783.25,1949,620.83,May,2022
930,583,930,2022-05-16,7957,Credit Card,4,8,1989.25,965,1748.0,May,2022
931,584,931,2023-11-25,1638,EMI,13,6,126.0,661,75.15,November,2023
932,585,932,2021-08-17,1786,COD,4,5,446.5,224,390.5,August,2021
933,586,933,2023-07-02,4751,EMI,9,9,527.89,781,441.11,July,2023
934,587,934,2020-08-24,8979,Credit Card,4,9,2244.75,4477,1125.5,August,2020
935,588,935,2022-11-07,2727,Credit Card,8,11,340.88,663,258.0,November,2022
936,589,936,2024-03-27,1093,Credit Card,17,2,64.29,397,40.94,March,2024
937,589,939,2024-03-27,2636,Debit Card,11,9,239.64,88,231.64,March,2024
938,590,937,2024-09-01,1093,Credit Card,17,2,64.29,397,40.94,September,2024
939,590,940,2024-09-01,2636,Debit Card,11,9,239.64,88,231.64,September,2024
940,591,938,2022-02-22,1093,Credit Card,17,2,64.29,397,40.94,February,2022
941,591,941,2022-02-22,2636,Debit Card,11,9,239.64,88,231.64,February,2022
942,592,942,2022-02-11,7344,Debit Card,7,1,1049.14,2251,727.57,February,2022
943,592,943,2022-02-11,7306,COD,3,9,2435.33,1547,1919.67,February,2022
944,592,944,2022-02-11,5832,COD,10,2,583.2,2588,324.4,February,2022
945,593,945,2021-05-27,8572,EMI,8,5,1071.5,2041,816.38,May,2021
946,593,948,2021-05-27,8059,Credit Card,10,2,805.9,1834,622.5,May,2021
947,594,946,2023-07-05,8572,EMI,8,5,1071.5,2041,816.38,July,2023
948,594,949,2023-07-05,8059,Credit Card,10,2,805.9,1834,622.5,July,2023
949,595,947,2020-10-27,8572,EMI,8,5,1071.5,2041,816.38,October,2020
950,595,950,2020-10-27,8059,Credit Card,10,2,805.9,1834,622.5,October,2020
951,596,951,2023-01-26,3661,EMI,13,8,281.62,436,248.08,January,2023
952,597,952,2021-09-06,2451,EMI,8,9,306.38,342,263.62,September,2021
953,598,953,2021-11-12,2451,EMI,8,9,306.38,342,263.62,November,2021
954,599,954,2024-07-30,2451,EMI,8,9,306.38,342,263.62,July,2024
955,600,955,2022-03-15,7067,Credit Card,16,5,441.69,1943,320.25,March,2022
956,601,956,2024-03-15,4307,UPI,3,1,1435.67,615,1230.67,March,2024
957,601,958,2024-03-15,5694,EMI,5,6,1138.8,1134,912.0,March,2024
958,602,957,2020-11-10,4307,UPI,3,1,1435.67,615,1230.67,November,2020
959,602,959,2020-11-10,5694,EMI,5,6,1138.8,1134,912.0,November,2020
960,603,960,2022-07-23,962,Credit Card,18,10,53.44,298,36.89,July,2022
961,604,961,2024-09-13,2995,Credit Card,14,12,213.93,220,198.21,September,2024
962,604,962,2024-09-13,2047,Debit Card,5,7,409.4,914,226.6,September,2024
963,605,963,2022-01-25,2078,COD,6,4,346.33,612,244.33,January,2022
964,606,964,2021-04-19,2737,EMI,3,2,912.33,1253,494.67,April,2021
965,607,965,2021-07-18,8194,Debit Card,6,9,1365.67,2881,885.5,July,2021
966,608,966,2022-06-24,9914,Credit Card,16,8,619.62,3858,378.5,June,2022
967,608,968,2022-06-24,5470,Debit Card,7,3,781.43,292,739.71,June,2022
968,608,970,2022-06-24,1496,UPI,17,12,88.0,662,49.06,June,2022
969,609,967,2024-06-08,9914,Credit Card,16,8,619.62,3858,378.5,June,2024
970,609,969,2024-06-08,5470,Debit Card,7,3,781.43,292,739.71,June,2024
971,609,971,2024-06-08,1496,UPI,17,12,88.0,662,49.06,June,2024
972,610,972,2022-09-29,3228,COD,9,9,358.67,476,305.78,September,2022
973,611,973,2023-05-10,3918,Credit Card,8,4,489.75,749,396.12,May,2023
974,612,974,2020-05-02,3918,Credit Card,8,4,489.75,749,396.12,May,2020
975,613,975,2021-04-12,9921,EMI,15,8,661.4,1451,564.67,April,2021
976,614,976,2023-11-04,9694,EMI,1,6,9694.0,4361,5333.0,November,2023
977,615,977,2020-05-04,5028,EMI,13,9,386.77,1553,267.31,May,2020
978,616,978,2023-09-10,594,Debit Card,19,9,31.26,67,27.74,September,2023
979,617,979,2024-01-05,594,Debit Card,19,9,31.26,67,27.74,January,2024
980,618,980,2024-05-08,594,Debit Card,19,9,31.26,67,27.74,May,2024
981,619,981,2024-03-30,5954,COD,11,5,541.27,2618,303.27,March,2024
982,620,982,2020-09-10,3518,UPI,3,12,1172.67,1051,822.33,September,2020
983,620,983,2020-09-10,4157,EMI,8,4,519.62,1874,285.38,September,2020
984,621,984,2020-07-12,3747,Credit Card,5,7,749.4,410,667.4,July,2020
985,621,989,2020-07-12,3194,UPI,4,10,798.5,534,665.0,July,2020
986,622,985,2022-12-08,3747,Credit Card,5,7,749.4,410,667.4,December,2022
987,622,990,2022-12-08,3194,UPI,4,10,798.5,534,665.0,December,2022
988,623,986,2024-03-27,3747,Credit Card,5,7,749.4,410,667.4,March,2024
989,623,991,2024-03-27,3194,UPI,4,10,798.5,534,665.0,March,2024
990,624,987,2023-02-17,3747,Credit Card,5,7,749.4,410,667.4,February,2023
991,624,992,2023-02-17,3194,UPI,4,10,798.5,534,665.0,February,2023
992,625,988,2021-07-21,3747,Credit Card,5,7,749.4,410,667.4,July,2021
993,625,993,2021-07-21,3194,UPI,4,10,798.5,534,665.0,July,2021
994,626,994,2022-10-30,8548,COD,1,10,8548.0,2305,6243.0,October,2022
995,627,995,2020-12-31,6089,Debit Card,19,5,320.47,139,313.16,December,2020
996,627,998,2020-12-31,2586,UPI,16,5,161.62,800,111.62,December,2020
997,627,1001,2020-12-31,3757,UPI,9,9,417.44,1626,236.78,December,2020
998,628,996,2022-04-15,6089,Debit Card,19,5,320.47,139,313.16,April,2022
999,628,999,2022-04-15,2586,UPI,16,5,161.62,800,111.62,April,2022
1000,628,1002,2022-04-15,3757,UPI,9,9,417.44,1626,236.78,April,2022
1001,629,997,2023-04-05,6089,Debit Card,19,5,320.47,139,313.16,April,2023
1002,629,1000,2023-04-05,2586,UPI,16,5,161.62,800,111.62,April,2023
1003,629,1003,2023-04-05,3757,UPI,9,9,417.44,1626,236.78,April,2023
1004,630,1004,2021-10-29,5193,Debit Card,5,8,1038.6,2530,532.6,October,2021
1005,631,1005,2024-12-29,5193,Debit Card,5,8,1038.6,2530,532.6,December,2024
1006,632,1006,2020-08-11,7493,UPI,3,1,2497.67,96,2465.67,August,2020
1007,633,1007,2024-03-04,2062,Credit Card,6,7,343.67,848,202.33,March,2024
1008,634,1008,2023-10-17,7163,EMI,1,11,7163.0,1536,5627.0,October,2023
1009,635,1009,2023-07-28,4026,COD,6,11,671.0,163,643.83,July,2023
1010,636,1010,2021-11-27,1894,Credit Card,5,6,378.8,275,323.8,November,2021
1011,636,1011,2021-11-27,7144,Credit Card,13,1,549.54,192,534.77,November,2021
1012,637,1012,2020-09-09,3482,Debit Card,15,4,232.13,1554,128.53,September,2020
1013,638,1013,2021-06-02,4172,EMI,5,9,834.4,235,787.4,June,2021
1014,639,1014,2022-08-22,4172,EMI,5,9,834.4,235,787.4,August,2022
1015,640,1015,2024-04-16,4172,EMI,5,9,834.4,235,787.4,April,2024
1016,641,1016,2022-08-23,6265,COD,8,8,783.12,155,763.75,August,2022
1017,642,1017,2021-03-12,6265,COD,8,8,783.12,155,763.75,March,2021
1018,643,1018,2024-06-26,2931,Credit Card,7,1,418.71,212,388.43,June,2024
1019,644,1019,2023-12-08,2931,Credit Card,7,1,418.71,212,388.43,December,2023
1020,645,1020,2024-11-27,1146,Debit Card,9,6,127.33,188,106.44,November,2024
1021,646,1021,2022-01-10,9215,COD,13,2,708.85,767,649.85,January,2022
1022,647,1022,2021-11-01,9215,COD,13,2,708.85,767,649.85,November,2021
1023,648,1023,2023-10-28,7895,Credit Card,1,6,7895.0,1005,6890.0,October,2023
1024,648,1025,2023-10-28,2740,UPI,8,3,342.5,558,272.75,October,2023
1025,649,1024,2025-03-01,7895,Credit Card,1,6,7895.0,1005,6890.0,March,2025
1026,649,1026,2025-03-01,2740,UPI,8,3,342.5,558,272.75,March,2025
1027,650,1027,2024-08-01,5338,UPI,16,7,333.62,1354,249.0,August,2024
1028,651,1028,2023-06-07,5338,UPI,16,7,333.62,1354,249.0,June,2023
1029,652,1029,2024-10-21,5338,UPI,16,7,333.62,1354,249.0,October,2024
1030,653,1030,2021-01-04,5338,UPI,16,7,333.62,1354,249.0,January,2021
1031,654,1031,2022-04-19,3095,EMI,2,3,1547.5,941,1077.0,April,2022
1032,655,1032,2022-08-11,3095,EMI,2,3,1547.5,941,1077.0,August,2022
1033,656,1033,2023-08-04,6017,Debit Card,13,2,462.85,2230,291.31,August,2023
1034,657,1034,2020-04-25,4904,Debit Card,2,3,2452.0,469,2217.5,April,2020
1035,657,1035,2020-04-25,3080,UPI,6,10,513.33,737,390.5,April,2020
1036,658,1036,2024-12-14,1992,COD,2,11,996.0,355,818.5,December,2024
1037,659,1037,2022-07-25,5346,EMI,17,8,314.47,1246,241.18,July,2022
1038,660,1038,2022-05-07,5346,EMI,17,8,314.47,1246,241.18,May,2022
1039,661,1039,2022-08-11,8422,Debit Card,18,2,467.89,893,418.28,August,2022
1040,661,1041,2022-08-11,6105,Credit Card,8,12,763.12,1447,582.25,August,2022
1041,662,1040,2022-08-12,8422,Debit Card,18,2,467.89,893,418.28,August,2022
1042,662,1042,2022-08-12,6105,Credit Card,8,12,763.12,1447,582.25,August,2022
1043,663,1043,2023-08-21,670,EMI,9,3,74.44,85,65.0,August,2023
1044,664,1044,2022-09-12,4057,Credit Card,6,4,676.17,1012,507.5,September,2022
1045,665,1045,2023-08-20,8178,UPI,10,3,817.8,2462,571.6,August,2023
1046,666,1046,2020-12-27,8752,Debit Card,9,5,972.44,1686,785.11,December,2020
1047,667,1047,2023-09-04,8752,Debit Card,9,5,972.44,1686,785.11,September,2023
1048,668,1048,2022-01-08,8752,Debit Card,9,5,972.44,1686,785.11,January,2022
1049,669,1049,2023-06-05,8974,EMI,16,2,560.88,4441,283.31,June,2023
1050,670,1050,2021-04-01,9090,Credit Card,16,11,568.12,3098,374.5,April,2021
1051,670,1052,2021-04-01,851,Credit Card,11,1,77.36,356,45.0,April,2021
1052,671,1051,2024-05-28,9090,Credit Card,16,11,568.12,3098,374.5,May,2024
1053,671,1053,2024-05-28,851,Credit Card,11,1,77.36,356,45.0,May,2024
1054,672,1054,2023-03-09,5427,UPI,3,11,1809.0,728,1566.33,March,2023
1055,673,1055,2022-07-28,2695,Debit Card,15,12,179.67,914,118.73,July,2022
1056,674,1056,2021-06-17,2695,Debit Card,15,12,179.67,914,118.73,June,2021
1057,675,1057,2024-02-13,2386,COD,3,3,795.33,999,462.33,February,2024
1058,676,1058,2021-08-06,2284,Debit Card,20,3,114.2,149,106.75,August,2021
1059,677,1059,2022-05-01,6034,EMI,8,11,754.25,608,678.25,May,2022
1060,677,1060,2022-05-01,8956,Credit Card,13,12,688.92,3359,430.54,May,2022
1061,678,1061,2024-03-11,7122,EMI,7,7,1017.43,1982,734.29,March,2024
1062,679,1062,2020-07-06,9775,UPI,5,7,1955.0,4507,1053.6,July,2020
1063,680,1063,2020-12-17,3309,EMI,13,12,254.54,177,240.92,December,2020
1064,681,1064,2022-08-30,4163,COD,14,1,297.36,897,233.29,August,2022
1065,682,1065,2025-02-27,4163,COD,14,1,297.36,897,233.29,February,2025
1066,683,1066,2021-06-05,4163,COD,14,1,297.36,897,233.29,June,2021
1067,684,1067,2022-12-22,5518,UPI,7,8,788.29,867,664.43,December,2022
1068,685,1068,2025-01-25,7566,Debit Card,6,11,1261.0,606,1160.0,January,2025
1069,686,1069,2025-02-14,7566,Debit Card,6,11,1261.0,606,1160.0,February,2025
1070,687,1070,2023-01-06,762,COD,11,2,69.27,92,60.91,January,2023
1071,688,1071,2020-10-11,3316,COD,6,4,552.67,126,531.67,October,2020
1072,689,1072,2023-05-24,5994,EMI,9,12,666.0,2826,352.0,May,2023
1073,690,1073,2024-03-12,5994,EMI,9,12,666.0,2826,352.0,March,2024
1074,691,1074,2024-03-17,5994,EMI,9,12,666.0,2826,352.0,March,2024
1075,692,1075,2022-05-17,3854,COD,19,4,202.84,245,189.95,May,2022
1076,693,1076,2020-12-21,7019,UPI,15,7,467.93,2677,289.47,December,2020
1077,694,1077,2021-08-24,5954,Credit Card,14,4,425.29,2640,236.71,August,2021
1078,695,1078,2022-10-22,5954,Credit Card,14,4,425.29,2640,236.71,October,2022
1079,696,1079,2024-02-21,9752,Debit Card,5,12,1950.4,3618,1226.8,February,2024
1080,697,1080,2022-10-31,9752,Debit Card,5,12,1950.4,3618,1226.8,October,2022
1081,698,1081,2022-05-15,5335,COD,15,1,355.67,322,334.2,May,2022
1082,699,1082,2022-07-22,1454,Credit Card,20,1,72.7,80,68.7,July,2022
1083,700,1083,2021-12-13,6724,COD,19,12,353.89,1539,272.89,December,2021
1084,701,1084,2021-06-03,6724,COD,19,12,353.89,1539,272.89,June,2021
1085,702,1085,2025-02-24,9874,EMI,4,10,2468.5,3895,1494.75,February,2025
1086,703,1086,2023-02-02,4918,UPI,7,11,702.57,1485,490.43,February,2023
1087,704,1087,2021-12-31,3189,Credit Card,19,9,167.84,1180,105.74,December,2021
1088,705,1088,2024-06-15,2684,UPI,2,1,1342.0,713,985.5,June,2024
1089,706,1089,2022-06-05,2684,UPI,2,1,1342.0,713,985.5,June,2022
1090,707,1090,2020-05-11,2684,UPI,2,1,1342.0,713,985.5,May,2020
1091,708,1091,2024-02-11,7626,EMI,5,3,1525.2,229,1479.4,February,2024
1092,709,1092,2020-11-25,7626,EMI,5,3,1525.2,229,1479.4,November,2020
1093,710,1093,2023-08-12,6669,UPI,19,2,351.0,3063,189.79,August,2023
1094,711,1094,2022-05-06,6123,Credit Card,3,7,2041.0,1686,1479.0,May,2022
1095,712,1095,2024-01-17,3265,Credit Card,16,9,204.06,1390,117.19,January,2024
1096,713,1096,2021-11-24,8104,COD,6,7,1350.67,1039,1177.5,November,2021
1097,714,1097,2021-10-06,8104,COD,6,7,1350.67,1039,1177.5,October,2021
1098,715,1098,2025-01-27,8104,COD,6,7,1350.67,1039,1177.5,January,2025
1099,716,1099,2022-05-23,847,COD,17,5,49.82,355,28.94,May,2022
1100,717,1100,2023-11-28,847,COD,17,5,49.82,355,28.94,November,2023
1101,718,1101,2023-01-18,847,COD,17,5,49.82,355,28.94,January,2023
1102,719,1102,2021-09-06,3129,Debit Card,9,12,347.67,55,341.56,September,2021
1103,719,1103,2021-09-06,7821,EMI,13,4,601.62,3821,307.69,September,2021
1104,720,1104,2021-02-22,9498,COD,12,11,791.5,256,770.17,February,2021
1105,721,1105,2021-10-06,9498,COD,12,11,791.5,256,770.17,October,2021
1106,722,1106,2020-06-07,5461,Credit Card,7,8,780.14,1214,606.71,June,2020
1107,723,1107,2024-05-21,3084,UPI,19,12,162.32,611,130.16,May,2024
1108,724,1108,2020-08-05,6087,COD,1,8,6087.0,3043,3044.0,August,2020
1109,725,1109,2020-10-15,611,Credit Card,3,12,203.67,300,103.67,October,2020
1110,726,1110,2021-05-15,9909,COD,18,7,550.5,2999,383.89,May,2021
1111,727,1111,2022-01-13,9909,COD,18,7,550.5,2999,383.89,January,2022
1112,728,1112,2023-07-18,6485,UPI,18,8,360.28,3178,183.72,July,2023
1113,729,1113,2022-12-08,7259,Credit Card,10,4,725.9,1969,529.0,December,2022
1114,730,1114,2023-04-17,3333,COD,18,2,185.17,700,146.28,April,2023
1115,731,1115,2020-06-23,7786,EMI,4,8,1946.5,1202,1646.0,June,2020
1116,732,1116,2022-01-20,7644,Debit Card,6,11,1274.0,2428,869.33,January,2022
1117,733,1117,2023-11-18,1476,COD,5,12,295.2,247,245.8,November,2023
1118,734,1118,2022-01-19,1476,COD,5,12,295.2,247,245.8,January,2022
1119,735,1119,2020-09-21,3445,EMI,16,8,215.31,1405,127.5,September,2020
1120,735,1120,2020-09-21,9837,UPI,1,4,9837.0,384,9453.0,September,2020
1121,736,1121,2021-06-11,1314,EMI,8,8,164.25,457,107.12,June,2021
1122,737,1122,2024-08-07,5951,Debit Card,6,4,991.83,936,835.83,August,2024
1123,738,1123,2022-07-26,5951,Debit Card,6,4,991.83,936,835.83,July,2022
1124,739,1124,2024-01-13,992,UPI,6,11,165.33,177,135.83,January,2024
1125,739,1125,2024-01-13,4699,EMI,18,7,261.06,625,226.33,January,2024
1126,740,1126,2021-05-28,5557,EMI,17,4,326.88,2114,202.53,May,2021
1127,741,1127,2021-06-13,3436,Credit Card,3,1,1145.33,933,834.33,June,2021
1128,742,1128,2023-04-25,9840,Debit Card,11,2,894.55,3870,542.73,April,2023
1129,743,1129,2021-07-05,7620,EMI,4,9,1905.0,125,1873.75,July,2021
1130,744,1130,2024-10-12,7620,EMI,4,9,1905.0,125,1873.75,October,2024
1131,745,1131,2021-10-04,4314,Debit Card,5,5,862.8,1591,544.6,October,2021
1132,746,1132,2024-02-07,8851,UPI,12,4,737.58,999,654.33,February,2024
1133,747,1133,2021-03-05,544,Debit Card,2,4,272.0,272,136.0,March,2021
1134,748,1134,2023-06-25,544,Debit Card,2,4,272.0,272,136.0,June,2023
1135,749,1135,2021-08-02,537,EMI,20,7,26.85,142,19.75,August,2021
1136,750,1136,2022-03-17,5944,EMI,7,4,849.14,2661,469.0,March,2022
1137,751,1137,2024-02-07,2258,Credit Card,18,2,125.44,135,117.94,February,2024
1138,752,1138,2022-08-19,2258,Credit Card,18,2,125.44,135,117.94,August,2022
1139,753,1139,2024-09-19,9609,Debit Card,3,8,3203.0,4339,1756.67,September,2024
1140,754,1140,2020-04-05,9609,Debit Card,3,8,3203.0,4339,1756.67,April,2020
1141,755,1141,2023-03-10,9952,Debit Card,15,1,663.47,3301,443.4,March,2023
1142,756,1142,2020-08-10,9873,Credit Card,7,9,1410.43,4585,755.43,August,2020
1143,757,1143,2020-04-29,3560,COD,15,1,237.33,1335,148.33,April,2020
1144,758,1144,2023-03-16,3560,COD,15,1,237.33,1335,148.33,March,2023
1145,759,1145,2020-05-04,6528,Debit Card,9,11,725.33,76,716.89,May,2020
1146,759,1146,2020-05-04,8930,Debit Card,12,8,744.17,3374,463.0,May,2020
1147,760,1147,2024-10-15,4521,Debit Card,9,9,502.33,1778,304.78,October,2024
1148,761,1148,2022-06-09,7091,Credit Card,10,8,709.1,2317,477.4,June,2022
1149,762,1149,2020-07-04,2101,COD,8,3,262.62,287,226.75,July,2020
1150,763,1150,2023-04-09,2101,COD,8,3,262.62,287,226.75,April,2023
1151,764,1151,2023-11-24,8644,Debit Card,9,9,960.44,1968,741.78,November,2023
1152,765,1152,2023-11-29,6672,UPI,4,5,1668.0,3319,838.25,November,2023
1153,766,1153,2024-05-20,6672,UPI,4,5,1668.0,3319,838.25,May,2024
1154,767,1154,2024-05-21,4699,UPI,12,10,391.58,103,383.0,May,2024
1155,768,1155,2021-12-07,4897,Debit Card,14,8,349.79,1001,278.29,December,2021
1156,769,1156,2025-01-06,4897,Debit Card,14,8,349.79,1001,278.29,January,2025
1157,770,1157,2022-07-13,5460,Debit Card,14,5,390.0,2088,240.86,July,2022
1158,771,1158,2020-04-19,5460,Debit Card,14,5,390.0,2088,240.86,April,2020
1159,772,1159,2024-11-14,9272,UPI,19,7,488.0,1771,394.79,November,2024
1160,773,1160,2020-04-18,9272,UPI,19,7,488.0,1771,394.79,April,2020
1161,774,1161,2023-10-18,7870,Credit Card,15,3,524.67,1057,454.2,October,2023
1162,775,1162,2021-03-21,7870,Credit Card,15,3,524.67,1057,454.2,March,2021
1163,776,1163,2024-09-13,7992,Credit Card,12,4,666.0,893,591.58,September,2024
1164,777,1164,2023-05-04,7992,Credit Card,12,4,666.0,893,591.58,May,2023
1165,778,1165,2023-05-31,7992,Credit Card,12,4,666.0,893,591.58,May,2023
1166,779,1166,2024-06-15,6499,EMI,18,1,361.06,2189,239.44,June,2024
1167,780,1167,2021-04-03,6499,EMI,18,1,361.06,2189,239.44,April,2021
1168,781,1168,2025-01-14,8848,Debit Card,9,3,983.11,2090,750.89,January,2025
1169,782,1169,2020-12-24,8044,COD,3,7,2681.33,3634,1470.0,December,2020
1170,783,1170,2022-10-07,8044,COD,3,7,2681.33,3634,1470.0,October,2022
1171,784,1171,2021-10-05,7417,COD,16,12,463.56,1334,380.19,October,2021
1172,785,1172,2024-12-28,3451,UPI,3,7,1150.33,658,931.0,December,2024
1173,786,1173,2022-05-14,8531,EMI,4,4,2132.75,2555,1494.0,May,2022
1174,787,1174,2023-08-19,6646,Debit Card,15,8,443.07,848,386.53,August,2023
1175,788,1175,2023-07-14,6646,Debit Card,15,8,443.07,848,386.53,July,2023
1176,789,1176,2023-06-22,2553,Credit Card,6,4,425.5,907,274.33,June,2023
1177,790,1177,2023-03-21,8490,Credit Card,3,11,2830.0,3485,1668.33,March,2023
1178,791,1178,2020-12-13,2689,UPI,3,5,896.33,1330,453.0,December,2020
1179,792,1179,2024-05-29,2689,UPI,3,5,896.33,1330,453.0,May,2024
1180,793,1180,2021-05-25,815,Debit Card,14,5,58.21,54,54.36,May,2021
1181,794,1181,2024-04-02,5024,UPI,2,9,2512.0,379,2322.5,April,2024
1182,795,1182,2022-12-03,5024,UPI,2,9,2512.0,379,2322.5,December,2022
1183,796,1183,2021-07-12,8962,Debit Card,18,1,497.89,2444,362.11,July,2021
1184,797,1184,2020-03-22,8962,Debit Card,18,1,497.89,2444,362.11,March,2020
1185,798,1185,2020-08-09,1961,UPI,12,10,163.42,59,158.5,August,2020
1186,799,1186,2022-02-18,526,Credit Card,4,8,131.5,83,110.75,February,2022
1187,800,1187,2021-06-14,6093,Debit Card,9,12,677.0,3042,339.0,June,2021
1188,801,1188,2021-03-01,6093,Debit Card,9,12,677.0,3042,339.0,March,2021
1189,802,1189,2023-09-23,7699,Debit Card,5,1,1539.8,246,1490.6,September,2023
1190,803,1190,2024-07-31,8825,Debit Card,15,5,588.33,3594,348.73,July,2024
1191,804,1191,2020-06-02,2082,EMI,8,11,260.25,642,180.0,June,2020
1192,805,1192,2022-12-15,2082,EMI,8,11,260.25,642,180.0,December,2022
1193,806,1193,2020-08-07,2082,EMI,8,11,260.25,642,180.0,August,2020
1194,807,1194,2024-10-26,914,UPI,13,7,70.31,163,57.77,October,2024
