order_pk,order_id,order_date,amount,paymentmode,quantity,customer_id,product_id,price
1,B-26776,2023-06-27,9726,UPI,5,1,1,1945.2
2,B-26776,2024-12-27,9726,UPI,5,2,1,1945.2
3,B-26776,2021-07-25,9726,UPI,5,3,1,1945.2
4,B-26776,2023-06-27,4975,UPI,14,1,2,355.36
5,B-26776,2024-12-27,4975,UPI,14,2,2,355.36
6,B-26776,2021-07-25,4975,UPI,14,3,2,355.36
7,B-26942,2024-05-11,1525,Debit Card,12,4,3,127.08
8,B-26942,2021-10-09,1525,Debit Card,12,5,3,127.08
9,B-26640,2022-11-18,883,EMI,10,6,4,88.3
10,B-26640,2022-11-18,8127,Credit Card,16,6,5,507.94
11,B-25890,2023-11-12,2516,UPI,19,7,6,132.42
12,B-25102,2020-03-23,2975,Credit Card,14,8,3,212.5
13,B-25426,2020-05-04,6851,Debit Card,1,9,7,6851.0
14,B-25426,2020-05-04,7626,Credit Card,15,9,8,508.4
15,B-25426,2020-05-04,1023,UPI,9,9,5,113.67
16,B-25238,2023-11-09,7600,UPI,10,10,3,760.0
17,B-25238,2023-11-09,7501,COD,18,10,9,416.72
18,B-25051,2024-12-30,725,Credit Card,6,11,9,120.83
19,B-25051,2024-12-30,7201,Credit Card,2,11,5,3600.5
20,B-26510,2025-02-11,1629,UPI,1,12,9,1629.0
21,B-26510,2024-01-23,1629,UPI,1,13,9,1629.0
22,B-25104,2020-11-28,8971,Debit Card,19,14,10,472.16
23,B-25104,2020-11-28,2939,COD,20,14,10,146.95
24,B-25553,2024-05-30,9380,UPI,11,15,11,852.73
25,B-25553,2024-05-30,8558,Credit Card,18,15,10,475.44
26,B-25553,2024-05-30,4080,COD,17,15,9,240.0
27,B-26703,2022-01-23,4206,EMI,17,16,1,247.41
28,B-26232,2021-12-17,5219,COD,20,17,10,260.95
29,B-26232,2023-02-03,5219,COD,20,18,10,260.95
30,B-25394,2022-10-30,3686,Debit Card,20,19,3,184.3
31,B-25394,2022-01-15,3686,Debit Card,20,20,3,184.3
32,B-26157,2023-12-14,6045,COD,4,21,9,1511.25
33,B-26157,2023-12-14,9337,COD,11,21,3,848.82
34,B-25555,2023-07-03,4051,Credit Card,12,22,11,337.58
35,B-25555,2021-05-08,4051,Credit Card,12,23,11,337.58
36,B-25555,2023-07-03,5011,Credit Card,11,22,12,455.55
37,B-25555,2021-05-08,5011,Credit Card,11,23,12,455.55
38,B-26139,2022-10-07,3958,EMI,15,24,8,263.87
39,B-26139,2022-10-07,3132,Debit Card,1,24,5,3132.0
40,B-25032,2024-08-06,7784,UPI,12,25,7,648.67
41,B-25032,2024-08-06,5591,COD,3,25,3,1863.67
42,B-25032,2024-08-06,5122,COD,12,25,1,426.83
43,B-25730,2022-01-05,8293,COD,8,26,10,1036.62
44,B-25730,2020-10-17,8293,COD,8,27,10,1036.62
45,B-25730,2023-08-21,8293,COD,8,28,10,1036.62
46,B-25730,2022-01-05,2863,UPI,17,26,11,168.41
47,B-25730,2020-10-17,2863,UPI,17,27,11,168.41
48,B-25730,2023-08-21,2863,UPI,17,28,11,168.41
49,B-26470,2024-12-27,3090,EMI,6,29,5,515.0
50,B-26470,2021-06-18,3090,EMI,6,30,5,515.0
51,B-26470,2023-05-27,3090,EMI,6,31,5,515.0
52,B-26470,2021-10-12,3090,EMI,6,32,5,515.0
53,B-26470,2024-12-27,9683,UPI,5,29,2,1936.6
54,B-26470,2021-06-18,9683,UPI,5,30,2,1936.6
55,B-26470,2023-05-27,9683,UPI,5,31,2,1936.6
56,B-26470,2021-10-12,9683,UPI,5,32,2,1936.6
57,B-25988,2022-09-19,2463,EMI,18,33,5,136.83
58,B-25568,2022-03-25,7811,COD,12,34,8,650.92
59,B-26730,2022-02-26,6139,Debit Card,10,35,5,613.9
60,B-26730,2021-04-05,6139,Debit Card,10,36,5,613.9
61,B-26730,2022-02-26,8636,COD,3,35,6,2878.67
62,B-26730,2021-04-05,8636,COD,3,36,6,2878.67
63,B-26730,2022-02-26,4439,Credit Card,19,35,8,233.63
64,B-26730,2021-04-05,4439,Credit Card,19,36,8,233.63
65,B-25372,2020-11-16,1016,Debit Card,20,37,5,50.8
66,B-25372,2020-11-16,5768,UPI,14,37,5,412.0
67,B-25372,2020-11-16,1217,Credit Card,3,37,5,405.67
68,B-26026,2024-12-12,953,Debit Card,2,38,9,476.5
69,B-26026,2023-04-06,953,Debit Card,2,39,9,476.5
70,B-26026,2024-12-12,7355,COD,3,38,8,2451.67
71,B-26026,2023-04-06,7355,COD,3,39,8,2451.67
72,B-26026,2024-12-12,1843,Credit Card,3,38,11,614.33
73,B-26026,2023-04-06,1843,Credit Card,3,39,11,614.33
74,B-26026,2024-12-12,1603,Debit Card,10,38,3,160.3
75,B-26026,2023-04-06,1603,Debit Card,10,39,3,160.3
76,B-25295,2024-01-28,2025,Credit Card,1,40,3,2025.0
77,B-25295,2024-01-28,6800,EMI,16,40,10,425.0
78,B-26121,2022-01-16,1126,UPI,1,41,12,1126.0
79,B-26121,2022-12-16,1126,UPI,1,42,12,1126.0
80,B-25560,2023-07-13,7533,UPI,12,43,5,627.75
81,B-25560,2023-07-13,4734,Credit Card,16,43,10,295.88
82,B-25560,2023-07-13,4074,Debit Card,6,43,1,679.0
83,B-25560,2023-07-13,2334,Credit Card,3,43,8,778.0
84,B-26076,2025-03-10,2750,Debit Card,11,44,11,250.0
85,B-26076,2024-09-24,2750,Debit Card,11,45,11,250.0
86,B-26076,2025-03-10,8639,EMI,19,44,3,454.68
87,B-26076,2024-09-24,8639,EMI,19,45,3,454.68
88,B-25872,2020-04-13,3808,UPI,4,46,7,952.0
89,B-25872,2020-04-13,2588,Credit Card,16,46,3,161.75
90,B-26185,2022-06-27,1591,Credit Card,5,47,1,318.2
91,B-26185,2021-03-14,1591,Credit Card,5,48,1,318.2
92,B-26185,2022-02-23,1591,Credit Card,5,49,1,318.2
93,B-26259,2022-03-29,1757,UPI,10,50,6,175.7
94,B-26259,2022-11-20,1757,UPI,10,51,6,175.7
95,B-25142,2021-11-12,6940,Debit Card,15,52,12,462.67
96,B-25142,2021-11-12,5105,UPI,5,52,2,1021.0
97,B-25326,2021-08-17,5578,COD,16,53,5,348.62
98,B-25326,2022-05-16,5578,COD,16,54,5,348.62
99,B-26795,2023-07-16,5224,Credit Card,16,55,6,326.5
100,B-26795,2023-07-16,5002,Credit Card,11,55,7,454.73
101,B-26795,2023-07-16,7380,COD,18,55,7,410.0
102,B-25660,2020-08-18,7595,Debit Card,4,56,6,1898.75
103,B-25660,2022-04-19,7595,Debit Card,4,57,6,1898.75
104,B-25410,2022-12-23,1954,Debit Card,7,58,8,279.14
105,B-25690,2024-12-07,523,EMI,20,59,2,26.15
106,B-26464,2022-02-03,5704,EMI,13,60,4,438.77
107,B-26464,2021-12-12,5704,EMI,13,61,4,438.77
108,B-26464,2022-02-03,8797,UPI,8,60,5,1099.62
109,B-26464,2021-12-12,8797,UPI,8,61,5,1099.62
110,B-26464,2022-02-03,9236,Debit Card,5,60,4,1847.2
111,B-26464,2021-12-12,9236,Debit Card,5,61,4,1847.2
112,B-26454,2020-05-17,9109,EMI,17,62,8,535.82
113,B-26742,2022-12-05,4358,Credit Card,19,63,11,229.37
114,B-26742,2024-09-17,4358,Credit Card,19,64,11,229.37
115,B-26742,2022-12-05,6459,Credit Card,8,63,11,807.38
116,B-26742,2024-09-17,6459,Credit Card,8,64,11,807.38
117,B-25510,2023-05-08,2478,COD,12,65,12,206.5
118,B-25510,2021-03-03,2478,COD,12,66,12,206.5
119,B-25510,2021-03-18,2478,COD,12,67,12,206.5
120,B-25510,2023-04-24,2478,COD,12,68,12,206.5
121,B-25936,2021-10-09,9992,Debit Card,20,69,3,499.6
122,B-25936,2022-04-15,9992,Debit Card,20,70,3,499.6
123,B-25936,2022-08-29,9992,Debit Card,20,71,3,499.6
124,B-25936,2021-10-09,9619,UPI,7,69,10,1374.14
125,B-25936,2022-04-15,9619,UPI,7,70,10,1374.14
126,B-25936,2022-08-29,9619,UPI,7,71,10,1374.14
127,B-25884,2024-09-04,9538,Credit Card,20,72,2,476.9
128,B-25884,2021-05-18,9538,Credit Card,20,73,2,476.9
129,B-25884,2024-09-04,9035,EMI,14,72,6,645.36
130,B-25884,2021-05-18,9035,EMI,14,73,6,645.36
131,B-26287,2024-07-02,2684,COD,2,74,9,1342.0
132,B-26287,2024-07-02,822,Credit Card,5,74,8,164.4
133,B-26287,2024-07-02,9730,EMI,2,74,6,4865.0
134,B-26287,2024-07-02,2483,COD,2,74,1,1241.5
135,B-26564,2024-02-16,1297,Credit Card,7,75,10,185.29
136,B-26564,2024-02-16,7909,COD,19,75,11,416.26
137,B-26293,2021-11-26,9768,Credit Card,8,76,5,1221.0
138,B-26293,2021-11-26,4968,Debit Card,5,76,8,993.6
139,B-26293,2021-11-26,1731,EMI,4,76,4,432.75
140,B-25915,2024-02-01,3433,COD,10,77,10,343.3
141,B-25915,2021-09-09,3433,COD,10,78,10,343.3
142,B-25915,2021-09-08,3433,COD,10,79,10,343.3
143,B-25915,2024-02-01,3887,Debit Card,1,77,10,3887.0
144,B-25915,2021-09-09,3887,Debit Card,1,78,10,3887.0
145,B-25915,2021-09-08,3887,Debit Card,1,79,10,3887.0
146,B-26496,2024-07-09,1801,Credit Card,20,80,7,90.05
147,B-26496,2024-07-09,5301,Debit Card,10,80,5,530.1
148,B-26496,2024-07-09,1166,Debit Card,12,80,9,97.17
149,B-26496,2024-07-09,3196,Debit Card,15,80,9,213.07
150,B-25856,2023-02-28,3428,Credit Card,1,81,6,3428.0
151,B-25856,2023-02-28,7223,Credit Card,12,81,10,601.92
152,B-25856,2023-02-28,3731,Credit Card,1,81,3,3731.0
153,B-26899,2022-08-08,8903,Credit Card,18,82,3,494.61
154,B-25916,2022-12-07,6009,UPI,7,83,11,858.43
155,B-25916,2024-04-29,6009,UPI,7,84,11,858.43
156,B-25916,2022-12-07,2858,Credit Card,3,83,5,952.67
157,B-25916,2024-04-29,2858,Credit Card,3,84,5,952.67
158,B-25916,2022-12-07,8175,Credit Card,7,83,8,1167.86
159,B-25916,2024-04-29,8175,Credit Card,7,84,8,1167.86
160,B-25916,2022-12-07,5846,UPI,18,83,8,324.78
161,B-25916,2024-04-29,5846,UPI,18,84,8,324.78
162,B-26428,2022-01-02,706,Credit Card,11,85,4,64.18
163,B-26332,2022-06-10,9835,COD,16,86,5,614.69
164,B-26332,2021-11-16,9835,COD,16,87,5,614.69
165,B-26332,2022-08-17,9835,COD,16,88,5,614.69
166,B-26332,2022-06-10,9691,Credit Card,13,86,7,745.46
167,B-26332,2021-11-16,9691,Credit Card,13,87,7,745.46
168,B-26332,2022-08-17,9691,Credit Card,13,88,7,745.46
169,B-26332,2022-06-10,7826,UPI,14,86,12,559.0
170,B-26332,2021-11-16,7826,UPI,14,87,12,559.0
171,B-26332,2022-08-17,7826,UPI,14,88,12,559.0
172,B-25303,2021-11-23,770,COD,11,89,8,70.0
173,B-25303,2023-03-04,770,COD,11,90,8,70.0
174,B-26507,2023-12-16,9895,COD,20,91,12,494.75
175,B-25983,2024-05-19,6517,Debit Card,10,92,9,651.7
176,B-25983,2020-05-14,6517,Debit Card,10,93,9,651.7
177,B-25983,2024-05-19,1166,Credit Card,11,92,5,106.0
178,B-25983,2020-05-14,1166,Credit Card,11,93,5,106.0
179,B-25156,2021-08-29,9820,Credit Card,16,94,6,613.75
180,B-26759,2024-11-10,8563,COD,8,95,10,1070.38
181,B-26759,2024-11-10,4441,COD,20,95,2,222.05
182,B-26244,2021-12-05,7340,EMI,8,96,9,917.5
183,B-26244,2021-12-05,5442,EMI,1,96,11,5442.0
184,B-26365,2024-07-05,1895,UPI,14,97,5,135.36
185,B-26365,2024-07-05,5323,COD,13,97,10,409.46
186,B-26212,2024-06-25,8850,Debit Card,13,98,7,680.77
187,B-26212,2024-06-25,8667,Debit Card,6,98,9,1444.5
188,B-25042,2024-05-31,6903,COD,1,99,5,6903.0
189,B-25042,2024-05-31,8793,COD,7,99,3,1256.14
190,B-25901,2020-10-20,9883,UPI,16,100,9,617.69
191,B-25901,2022-08-11,9883,UPI,16,101,9,617.69
192,B-25901,2021-10-17,9883,UPI,16,102,9,617.69
193,B-25901,2020-10-20,5210,UPI,7,100,9,744.29
194,B-25901,2022-08-11,5210,UPI,7,101,9,744.29
195,B-25901,2021-10-17,5210,UPI,7,102,9,744.29
196,B-26747,2022-02-23,3574,Credit Card,4,103,2,893.5
197,B-26747,2022-02-23,576,UPI,13,103,8,44.31
198,B-26698,2023-09-20,1860,EMI,13,104,2,143.08
199,B-25841,2021-01-19,782,EMI,8,105,3,97.75
200,B-25841,2021-01-19,4371,UPI,1,105,4,4371.0
201,B-26032,2020-08-21,8346,COD,1,106,11,8346.0
202,B-26032,2023-04-17,8346,COD,1,107,11,8346.0
203,B-26032,2023-12-24,8346,COD,1,108,11,8346.0
204,B-26032,2020-08-21,6218,Debit Card,5,106,5,1243.6
205,B-26032,2023-04-17,6218,Debit Card,5,107,5,1243.6
206,B-26032,2023-12-24,6218,Debit Card,5,108,5,1243.6
207,B-26032,2020-08-21,5167,Credit Card,14,106,2,369.07
208,B-26032,2023-04-17,5167,Credit Card,14,107,2,369.07
209,B-26032,2023-12-24,5167,Credit Card,14,108,2,369.07
210,B-26032,2020-08-21,2799,Debit Card,5,106,8,559.8
211,B-26032,2023-04-17,2799,Debit Card,5,107,8,559.8
212,B-26032,2023-12-24,2799,Debit Card,5,108,8,559.8
213,B-25171,2022-03-20,3234,Credit Card,20,109,7,161.7
214,B-26939,2021-08-12,4920,Debit Card,12,110,5,410.0
215,B-26939,2021-08-12,9078,EMI,15,110,12,605.2
216,B-26347,2020-12-21,8586,UPI,7,111,12,1226.57
217,B-26347,2023-07-07,8586,UPI,7,112,12,1226.57
218,B-25388,2023-08-13,5047,EMI,13,113,8,388.23
219,B-25388,2021-02-04,5047,EMI,13,114,8,388.23
220,B-25388,2022-09-16,5047,EMI,13,115,8,388.23
221,B-25388,2022-05-06,5047,EMI,13,116,8,388.23
222,B-26419,2021-05-28,3657,UPI,1,117,8,3657.0
223,B-25157,2024-07-18,6471,UPI,18,118,1,359.5
224,B-25342,2024-12-06,949,UPI,9,119,10,105.44
225,B-25342,2024-12-06,6823,EMI,6,119,10,1137.17
226,B-25342,2024-12-06,4364,EMI,2,119,5,2182.0
227,B-26165,2022-12-12,6671,UPI,10,120,11,667.1
228,B-26571,2022-10-20,7472,COD,3,121,9,2490.67
229,B-26571,2022-10-20,9548,COD,9,121,2,1060.89
230,B-25400,2021-03-24,7759,UPI,17,122,2,456.41
231,B-25400,2025-01-06,7759,UPI,17,123,2,456.41
232,B-25400,2021-03-24,7521,Debit Card,16,122,7,470.06
233,B-25400,2025-01-06,7521,Debit Card,16,123,7,470.06
234,B-25885,2021-03-06,9704,COD,12,124,3,808.67
235,B-25885,2021-03-06,4948,Debit Card,18,124,2,274.89
236,B-25885,2021-03-06,6435,Debit Card,10,124,1,643.5
237,B-25004,2020-06-17,9965,COD,16,125,7,622.81
238,B-25004,2023-09-01,9965,COD,16,126,7,622.81
239,B-26213,2023-06-08,1523,UPI,3,127,8,507.67
240,B-26213,2023-06-08,9073,Debit Card,7,127,1,1296.14
241,B-25025,2021-03-25,6447,COD,20,128,4,322.35
242,B-25025,2021-03-25,8947,Credit Card,6,128,1,1491.17
243,B-26804,2021-01-03,914,Debit Card,8,129,3,114.25
244,B-26804,2021-01-03,1548,Credit Card,3,129,9,516.0
245,B-26797,2024-12-27,2759,Credit Card,6,130,5,459.83
246,B-26556,2022-08-12,1341,UPI,4,131,4,335.25
247,B-25861,2022-03-28,9851,Debit Card,19,132,1,518.47
248,B-25861,2023-07-15,9851,Debit Card,19,133,1,518.47
249,B-25861,2022-09-22,9851,Debit Card,19,134,1,518.47
250,B-25861,2022-03-28,9989,Debit Card,14,132,5,713.5
251,B-25861,2023-07-15,9989,Debit Card,14,133,5,713.5
252,B-25861,2022-09-22,9989,Debit Card,14,134,5,713.5
253,B-25112,2022-12-20,7421,COD,10,135,5,742.1
254,B-25112,2022-01-16,7421,COD,10,136,5,742.1
255,B-25112,2023-01-29,7421,COD,10,137,5,742.1
256,B-25223,2022-01-15,3099,COD,1,138,9,3099.0
257,B-25223,2022-01-15,2521,COD,7,138,11,360.14
258,B-25714,2024-03-24,6962,UPI,12,139,1,580.17
259,B-25714,2025-02-19,6962,UPI,12,140,1,580.17
260,B-26607,2024-07-13,1085,UPI,20,141,12,54.25
261,B-25038,2023-04-28,738,Debit Card,2,142,6,369.0
262,B-25038,2020-12-05,738,Debit Card,2,143,6,369.0
263,B-25038,2024-05-14,738,Debit Card,2,144,6,369.0
264,B-25038,2022-01-18,738,Debit Card,2,145,6,369.0
265,B-26672,2023-09-18,1366,EMI,17,146,1,80.35
266,B-26672,2023-09-18,1518,Credit Card,13,146,7,116.77
267,B-25747,2021-05-12,2962,COD,1,147,11,2962.0
268,B-25747,2023-09-17,2962,COD,1,148,11,2962.0
269,B-25747,2021-05-12,7131,UPI,12,147,2,594.25
270,B-25747,2023-09-17,7131,UPI,12,148,2,594.25
271,B-25747,2021-05-12,4200,EMI,10,147,7,420.0
272,B-25747,2023-09-17,4200,EMI,10,148,7,420.0
273,B-26322,2024-09-06,5934,EMI,2,149,7,2967.0
274,B-26613,2022-06-18,2701,UPI,11,150,2,245.55
275,B-26613,2022-06-18,7273,COD,18,150,9,404.06
276,B-25413,2020-05-22,2465,Debit Card,18,151,7,136.94
277,B-26466,2024-10-17,3479,EMI,2,152,7,1739.5
278,B-26466,2024-10-17,5457,EMI,7,152,2,779.57
279,B-26610,2022-03-22,4957,Credit Card,8,153,7,619.62
280,B-26209,2024-03-17,4404,Debit Card,17,154,3,259.06
281,B-26209,2024-03-17,8776,Credit Card,15,154,8,585.07
282,B-26622,2020-04-02,9536,UPI,9,155,11,1059.56
283,B-26622,2020-04-02,2225,Credit Card,7,155,8,317.86
284,B-26601,2024-03-13,9574,UPI,19,156,12,503.89
285,B-26601,2024-03-13,4382,COD,17,156,1,257.76
286,B-25894,2023-03-21,8200,COD,19,157,4,431.58
287,B-25894,2023-03-21,9316,Credit Card,13,157,8,716.62
288,B-25894,2023-03-21,6379,COD,15,157,1,425.27
289,B-26969,2024-03-02,3348,Credit Card,5,158,7,669.6
290,B-26969,2021-04-30,3348,Credit Card,5,159,7,669.6
291,B-26969,2024-03-02,8856,Debit Card,9,158,3,984.0
292,B-26969,2021-04-30,8856,Debit Card,9,159,3,984.0
293,B-26312,2021-09-15,1760,Debit Card,16,160,8,110.0
294,B-26312,2023-01-28,1760,Debit Card,16,161,8,110.0
295,B-26312,2021-09-15,6351,UPI,15,160,2,423.4
296,B-26312,2023-01-28,6351,UPI,15,161,2,423.4
297,B-26837,2021-07-08,869,Credit Card,14,162,9,62.07
298,B-26837,2020-04-08,869,Credit Card,14,163,9,62.07
299,B-26837,2021-07-08,1486,UPI,7,162,12,212.29
300,B-26837,2020-04-08,1486,UPI,7,163,12,212.29
301,B-26166,2022-08-23,2999,COD,13,164,10,230.69
302,B-26166,2022-08-23,5142,EMI,20,164,9,257.1
303,B-25695,2022-12-17,1239,UPI,17,165,4,72.88
304,B-25695,2022-06-08,1239,UPI,17,166,4,72.88
305,B-25695,2022-12-17,1262,EMI,16,165,1,78.88
306,B-25695,2022-06-08,1262,EMI,16,166,1,78.88
307,B-26068,2020-08-28,1033,COD,5,167,12,206.6
308,B-26023,2020-09-26,1518,UPI,19,168,2,79.89
309,B-26677,2020-12-13,8581,Debit Card,2,169,9,4290.5
310,B-26677,2020-11-19,8581,Debit Card,2,170,9,4290.5
311,B-25701,2023-09-13,1167,UPI,5,171,3,233.4
312,B-25701,2023-09-13,2841,Credit Card,20,171,4,142.05
313,B-25701,2023-09-13,5680,UPI,19,171,5,298.95
314,B-26523,2020-03-31,8204,UPI,6,172,3,1367.33
315,B-26523,2020-10-20,8204,UPI,6,173,3,1367.33
316,B-26523,2020-03-31,2850,EMI,6,172,11,475.0
317,B-26523,2020-10-20,2850,EMI,6,173,11,475.0
318,B-25880,2023-08-04,907,Credit Card,9,174,3,100.78
319,B-26898,2022-04-11,2174,Credit Card,19,175,3,114.42
320,B-26898,2022-04-11,8541,Credit Card,12,175,1,711.75
321,B-26898,2022-04-11,1931,EMI,3,175,12,643.67
322,B-26035,2021-12-31,1281,Debit Card,3,176,1,427.0
323,B-26035,2021-12-31,2404,COD,15,176,4,160.27
324,B-25573,2020-08-16,2119,COD,1,177,8,2119.0
325,B-25463,2025-02-02,3137,Debit Card,9,178,3,348.56
326,B-26277,2022-02-24,2323,COD,7,179,5,331.86
327,B-26277,2022-02-24,1368,UPI,9,179,12,152.0
328,B-26508,2024-02-25,9204,Credit Card,16,180,4,575.25
329,B-26508,2021-06-15,9204,Credit Card,16,181,4,575.25
330,B-26508,2024-02-25,9894,EMI,20,180,9,494.7
331,B-26508,2021-06-15,9894,EMI,20,181,9,494.7
332,B-26723,2022-12-08,5322,COD,18,182,8,295.67
333,B-26723,2023-12-09,5322,COD,18,183,8,295.67
334,B-25526,2022-07-16,2666,COD,14,184,6,190.43
335,B-25645,2024-05-05,8383,UPI,4,185,8,2095.75
336,B-25757,2021-10-04,7560,EMI,4,186,9,1890.0
337,B-26716,2021-11-20,1314,UPI,16,187,8,82.12
338,B-26716,2021-11-20,4390,Debit Card,1,187,5,4390.0
339,B-26716,2021-11-20,1150,Debit Card,7,187,10,164.29
340,B-25424,2020-09-15,1574,EMI,17,188,3,92.59
341,B-25424,2020-09-15,5635,UPI,17,188,10,331.47
342,B-25424,2020-09-15,6515,Debit Card,11,188,8,592.27
343,B-26453,2023-01-17,1231,Debit Card,20,189,4,61.55
344,B-26453,2020-06-16,1231,Debit Card,20,190,4,61.55
345,B-26425,2024-05-01,6891,Debit Card,3,191,10,2297.0
346,B-25843,2023-12-07,7524,EMI,15,192,4,501.6
347,B-25843,2023-12-07,6864,Credit Card,14,192,2,490.29
348,B-25486,2024-02-02,4215,Debit Card,14,193,6,301.07
349,B-26975,2024-06-23,622,Credit Card,19,194,12,32.74
350,B-26975,2024-06-23,1755,UPI,18,194,3,97.5
351,B-26975,2024-06-23,8020,EMI,20,194,1,401.0
352,B-26890,2024-06-07,7333,Credit Card,4,195,4,1833.25
353,B-26125,2023-10-13,7690,COD,4,196,1,1922.5
354,B-26125,2023-10-13,912,EMI,2,196,8,456.0
355,B-26489,2022-10-08,2791,COD,14,197,4,199.36
356,B-26489,2023-10-27,2791,COD,14,198,4,199.36
357,B-26489,2021-02-09,2791,COD,14,199,4,199.36
358,B-26489,2022-10-08,6223,Debit Card,3,197,8,2074.33
359,B-26489,2023-10-27,6223,Debit Card,3,198,8,2074.33
360,B-26489,2021-02-09,6223,Debit Card,3,199,8,2074.33
361,B-26489,2022-10-08,8943,Debit Card,17,197,6,526.06
362,B-26489,2023-10-27,8943,Debit Card,17,198,6,526.06
363,B-26489,2021-02-09,8943,Debit Card,17,199,6,526.06
364,B-26489,2022-10-08,3297,Credit Card,12,197,11,274.75
365,B-26489,2023-10-27,3297,Credit Card,12,198,11,274.75
366,B-26489,2021-02-09,3297,Credit Card,12,199,11,274.75
367,B-26043,2020-11-03,8769,UPI,20,200,9,438.45
368,B-26557,2022-05-30,9057,COD,19,201,2,476.68
369,B-26557,2022-05-30,6864,Credit Card,11,201,5,624.0
370,B-26557,2022-05-30,9200,COD,13,201,4,707.69
371,B-25243,2024-06-16,6113,UPI,6,202,4,1018.83
372,B-25243,2024-06-16,7733,EMI,15,202,5,515.53
373,B-25243,2024-06-16,8524,COD,14,202,5,608.86
374,B-25243,2024-06-16,6187,EMI,15,202,12,412.47
375,B-26932,2022-07-15,4364,EMI,18,203,5,242.44
376,B-26932,2022-07-15,736,EMI,12,203,3,61.33
377,B-25241,2021-07-18,9905,EMI,17,204,3,582.65
378,B-25241,2021-10-02,9905,EMI,17,205,3,582.65
379,B-25044,2024-04-16,2493,Credit Card,9,206,9,277.0
380,B-25044,2024-04-16,9849,Credit Card,1,206,3,9849.0
381,B-26137,2020-07-09,3423,Credit Card,4,207,2,855.75
382,B-26137,2020-07-25,3423,Credit Card,4,208,2,855.75
383,B-26137,2024-01-24,3423,Credit Card,4,209,2,855.75
384,B-26137,2020-05-04,3423,Credit Card,4,210,2,855.75
385,B-26137,2021-11-13,3423,Credit Card,4,211,2,855.75
386,B-25545,2023-10-07,3900,COD,9,212,6,433.33
387,B-26800,2021-10-23,8568,UPI,11,213,1,778.91
388,B-26800,2021-10-23,3283,EMI,6,213,3,547.17
389,B-26987,2022-07-18,7643,EMI,19,214,1,402.26
390,B-26144,2024-08-23,3461,EMI,15,215,8,230.73
391,B-26144,2024-08-23,5714,Credit Card,6,215,1,952.33
392,B-26144,2024-08-23,3853,COD,10,215,10,385.3
393,B-25406,2020-10-28,6016,UPI,20,216,3,300.8
394,B-25658,2024-06-15,1290,UPI,12,217,7,107.5
395,B-25658,2024-12-19,1290,UPI,12,218,7,107.5
396,B-25733,2020-09-04,4569,UPI,10,219,2,456.9
397,B-26993,2022-04-16,3083,Debit Card,16,220,12,192.69
398,B-26964,2024-08-29,3522,Credit Card,15,221,3,234.8
399,B-26964,2022-01-14,3522,Credit Card,15,222,3,234.8
400,B-26955,2024-04-07,7301,Debit Card,3,223,10,2433.67
401,B-26059,2022-04-24,4462,COD,8,224,4,557.75
402,B-26059,2022-04-24,6212,COD,17,224,11,365.41
403,B-26806,2020-08-27,4027,EMI,3,225,12,1342.33
404,B-26299,2023-03-01,1676,EMI,14,226,4,119.71
405,B-26299,2023-03-01,3927,COD,12,226,12,327.25
406,B-26299,2023-03-01,2776,Debit Card,9,226,11,308.44
407,B-26743,2020-10-02,7684,COD,12,227,8,640.33
408,B-26743,2020-06-23,7684,COD,12,228,8,640.33
409,B-26743,2023-08-21,7684,COD,12,229,8,640.33
410,B-26757,2022-07-16,6008,Credit Card,17,230,11,353.41
411,B-26772,2022-08-01,7344,COD,20,231,12,367.2
412,B-26088,2020-07-16,6932,COD,20,232,3,346.6
413,B-26319,2020-05-02,7748,EMI,16,233,1,484.25
414,B-26319,2020-05-02,6381,UPI,20,233,7,319.05
415,B-26319,2020-05-02,992,Credit Card,6,233,11,165.33
416,B-25364,2024-01-10,8649,EMI,13,234,4,665.31
417,B-25364,2020-09-30,8649,EMI,13,235,4,665.31
418,B-25655,2022-03-28,4099,UPI,18,236,4,227.72
419,B-26864,2021-01-30,2539,UPI,5,237,1,507.8
420,B-26019,2025-03-14,9845,COD,9,238,9,1093.89
421,B-25849,2021-10-26,2901,Debit Card,2,239,9,1450.5
422,B-25849,2023-01-11,2901,Debit Card,2,240,9,1450.5
423,B-25849,2021-10-26,6934,Credit Card,6,239,3,1155.67
424,B-25849,2023-01-11,6934,Credit Card,6,240,3,1155.67
425,B-25829,2021-10-31,9640,Credit Card,2,241,12,4820.0
426,B-26065,2023-05-04,7930,Credit Card,13,242,6,610.0
427,B-26065,2024-08-09,7930,Credit Card,13,243,6,610.0
428,B-25267,2022-08-21,9894,COD,1,244,10,9894.0
429,B-25267,2022-08-21,4534,COD,4,244,5,1133.5
430,B-25972,2022-06-19,4911,Debit Card,20,245,11,245.55
431,B-25972,2022-06-19,531,Debit Card,20,245,12,26.55
432,B-25511,2025-01-29,9707,EMI,10,246,1,970.7
433,B-25511,2025-01-29,8521,COD,7,246,9,1217.29
434,B-25744,2022-01-14,8438,Credit Card,12,247,10,703.17
435,B-25744,2022-01-14,1689,UPI,9,247,1,187.67
436,B-25744,2022-01-14,3936,COD,14,247,9,281.14
437,B-26805,2023-06-15,7664,Debit Card,19,248,11,403.37
438,B-25620,2023-10-18,721,Debit Card,13,249,4,55.46
439,B-25620,2022-06-13,721,Debit Card,13,250,4,55.46
440,B-25620,2023-10-18,8364,Credit Card,17,249,4,492.0
441,B-25620,2022-06-13,8364,Credit Card,17,250,4,492.0
442,B-25620,2023-10-18,5234,EMI,15,249,12,348.93
443,B-25620,2022-06-13,5234,EMI,15,250,12,348.93
444,B-25325,2024-06-12,3944,Credit Card,18,251,11,219.11
445,B-25325,2024-06-12,6711,Credit Card,12,251,3,559.25
446,B-25325,2024-06-12,5031,Credit Card,4,251,5,1257.75
447,B-25325,2024-06-12,6295,EMI,14,251,10,449.64
448,B-25131,2022-06-27,9654,UPI,1,252,9,9654.0
449,B-25131,2022-06-27,3112,COD,20,252,10,155.6
450,B-26654,2021-02-18,7838,UPI,13,253,11,602.92
451,B-26654,2021-02-18,9300,Credit Card,6,253,11,1550.0
452,B-26654,2021-02-18,1733,Debit Card,17,253,9,101.94
453,B-26195,2023-05-29,874,Debit Card,15,254,10,58.27
454,B-26195,2021-06-04,874,Debit Card,15,255,10,58.27
455,B-25842,2024-01-22,1248,EMI,13,256,3,96.0
456,B-25842,2022-12-27,1248,EMI,13,257,3,96.0
457,B-25842,2024-01-22,3669,EMI,14,256,7,262.07
458,B-25842,2022-12-27,3669,EMI,14,257,7,262.07
459,B-25842,2024-01-22,514,Debit Card,15,256,9,34.27
460,B-25842,2022-12-27,514,Debit Card,15,257,9,34.27
461,B-25851,2024-03-30,3273,UPI,16,258,11,204.56
462,B-25427,2020-04-04,5035,COD,2,259,6,2517.5
463,B-25427,2020-04-04,7702,UPI,19,259,2,405.37
464,B-25427,2020-04-04,9884,EMI,7,259,2,1412.0
465,B-26224,2023-01-22,5564,COD,11,260,4,505.82
466,B-26224,2022-04-12,5564,COD,11,261,4,505.82
467,B-26224,2023-12-13,5564,COD,11,262,4,505.82
468,B-26224,2023-01-22,3953,UPI,15,260,1,263.53
469,B-26224,2022-04-12,3953,UPI,15,261,1,263.53
470,B-26224,2023-12-13,3953,UPI,15,262,1,263.53
471,B-26896,2023-05-24,6488,EMI,18,263,2,360.44
472,B-26896,2020-11-29,6488,EMI,18,264,2,360.44
473,B-26469,2021-03-24,7856,UPI,17,265,1,462.12
474,B-26469,2021-03-24,1165,EMI,3,265,3,388.33
475,B-26219,2020-08-19,9386,Credit Card,20,266,7,469.3
476,B-26219,2022-10-20,9386,Credit Card,20,267,7,469.3
477,B-26119,2023-09-20,3956,Debit Card,12,268,3,329.67
478,B-26119,2024-12-26,3956,Debit Card,12,269,3,329.67
479,B-26119,2023-09-20,6449,EMI,11,268,12,586.27
480,B-26119,2024-12-26,6449,EMI,11,269,12,586.27
481,B-26988,2021-12-03,6255,COD,18,270,7,347.5
482,B-26988,2021-12-03,2109,UPI,20,270,1,105.45
483,B-25596,2021-09-14,6707,Credit Card,20,271,11,335.35
484,B-26845,2021-09-30,7633,COD,13,272,3,587.15
485,B-25099,2021-12-22,975,COD,18,273,3,54.17
486,B-25099,2021-12-22,4492,EMI,7,273,5,641.71
487,B-25099,2021-12-22,7957,UPI,12,273,6,663.08
488,B-26153,2022-05-18,4906,Debit Card,7,274,5,700.86
489,B-25060,2020-10-08,1379,Credit Card,3,275,3,459.67
490,B-25060,2020-10-08,4244,Debit Card,10,275,4,424.4
491,B-26572,2022-08-20,5911,EMI,14,276,12,422.21
492,B-26572,2024-11-25,5911,EMI,14,277,12,422.21
493,B-26572,2022-08-20,1818,EMI,11,276,7,165.27
494,B-26572,2024-11-25,1818,EMI,11,277,7,165.27
495,B-25919,2020-09-30,2140,Credit Card,4,278,9,535.0
496,B-25919,2025-02-20,2140,Credit Card,4,279,9,535.0
497,B-25919,2022-03-20,2140,Credit Card,4,280,9,535.0
498,B-25919,2020-09-30,2670,Debit Card,1,278,4,2670.0
499,B-25919,2025-02-20,2670,Debit Card,1,279,4,2670.0
500,B-25919,2022-03-20,2670,Debit Card,1,280,4,2670.0
501,B-26978,2025-03-07,1108,Debit Card,18,281,4,61.56
502,B-26978,2025-03-07,9776,UPI,9,281,10,1086.22
503,B-26978,2025-03-07,535,COD,6,281,12,89.17
504,B-26554,2024-06-16,7564,Credit Card,5,282,9,1512.8
505,B-26554,2020-11-21,7564,Credit Card,5,283,9,1512.8
506,B-26554,2024-10-01,7564,Credit Card,5,284,9,1512.8
507,B-26554,2024-07-01,7564,Credit Card,5,285,9,1512.8
508,B-26554,2024-06-16,3409,UPI,20,282,1,170.45
509,B-26554,2020-11-21,3409,UPI,20,283,1,170.45
510,B-26554,2024-10-01,3409,UPI,20,284,1,170.45
511,B-26554,2024-07-01,3409,UPI,20,285,1,170.45
512,B-26883,2020-11-23,9751,COD,13,286,3,750.08
513,B-25423,2023-03-18,6385,Credit Card,11,287,2,580.45
514,B-25423,2022-10-19,6385,Credit Card,11,288,2,580.45
515,B-26324,2023-08-31,6355,Debit Card,15,289,1,423.67
516,B-26324,2021-06-06,6355,Debit Card,15,290,1,423.67
517,B-26945,2022-12-21,7377,Debit Card,15,291,2,491.8
518,B-26945,2022-12-21,2054,EMI,12,291,7,171.17
519,B-26405,2024-02-12,7497,COD,18,292,6,416.5
520,B-26046,2022-12-05,2565,Debit Card,20,293,1,128.25
521,B-26046,2022-12-05,5024,COD,19,293,3,264.42
522,B-25746,2021-04-04,8243,Debit Card,15,294,10,549.53
523,B-25232,2021-02-12,7792,UPI,13,295,9,599.38
524,B-25232,2022-12-27,7792,UPI,13,296,9,599.38
525,B-25232,2024-01-19,7792,UPI,13,297,9,599.38
526,B-25232,2021-02-12,2346,Debit Card,14,295,6,167.57
527,B-25232,2022-12-27,2346,Debit Card,14,296,6,167.57
528,B-25232,2024-01-19,2346,Debit Card,14,297,6,167.57
529,B-25591,2022-12-25,7346,Credit Card,10,298,8,734.6
530,B-25591,2022-12-25,9770,UPI,7,298,1,1395.71
531,B-25591,2022-12-25,7179,Credit Card,13,298,4,552.23
532,B-26325,2022-10-06,5449,UPI,2,299,11,2724.5
533,B-25251,2020-04-27,2895,COD,6,300,6,482.5
534,B-25251,2024-05-13,2895,COD,6,301,6,482.5
535,B-25251,2020-04-27,697,UPI,1,300,6,697.0
536,B-25251,2024-05-13,697,UPI,1,301,6,697.0
537,B-25464,2020-10-23,6145,COD,4,302,6,1536.25
538,B-25464,2020-10-23,2504,UPI,18,302,2,139.11
539,B-25464,2020-10-23,3124,Debit Card,16,302,11,195.25
540,B-26678,2021-06-11,6934,Debit Card,1,303,1,6934.0
541,B-26678,2021-09-08,6934,Debit Card,1,304,1,6934.0
542,B-25962,2022-11-23,4202,COD,3,305,7,1400.67
543,B-25962,2022-10-31,4202,COD,3,306,7,1400.67
544,B-25962,2023-11-06,4202,COD,3,307,7,1400.67
545,B-25962,2023-11-12,4202,COD,3,308,7,1400.67
546,B-26586,2023-06-26,2239,UPI,1,309,2,2239.0
547,B-26586,2023-09-30,2239,UPI,1,310,2,2239.0
548,B-26586,2023-06-26,2450,Debit Card,4,309,11,612.5
549,B-26586,2023-09-30,2450,Debit Card,4,310,11,612.5
550,B-26841,2020-09-12,9827,Debit Card,13,311,6,755.92
551,B-26841,2020-09-12,8077,Credit Card,15,311,8,538.47
552,B-26284,2020-11-27,5152,UPI,14,312,11,368.0
553,B-26284,2022-08-25,5152,UPI,14,313,11,368.0
554,B-26284,2023-08-23,5152,UPI,14,314,11,368.0
555,B-26284,2023-10-11,5152,UPI,14,315,11,368.0
556,B-26478,2022-04-21,2542,Credit Card,1,316,7,2542.0
557,B-26679,2023-09-14,8102,UPI,5,317,7,1620.4
558,B-26679,2020-04-29,8102,UPI,5,318,7,1620.4
559,B-26679,2020-12-15,8102,UPI,5,319,7,1620.4
560,B-26679,2023-09-14,3234,EMI,10,317,5,323.4
561,B-26679,2020-04-29,3234,EMI,10,318,5,323.4
562,B-26679,2020-12-15,3234,EMI,10,319,5,323.4
563,B-26397,2024-07-11,6200,Credit Card,18,320,5,344.44
564,B-26397,2024-09-21,6200,Credit Card,18,321,5,344.44
565,B-25957,2025-02-02,4470,UPI,13,322,4,343.85
566,B-26916,2022-10-21,916,UPI,7,323,3,130.86
567,B-26916,2020-10-21,916,UPI,7,324,3,130.86
568,B-26916,2022-10-21,1165,UPI,20,323,8,58.25
569,B-26916,2020-10-21,1165,UPI,20,324,8,58.25
570,B-26916,2022-10-21,7846,UPI,12,323,6,653.83
571,B-26916,2020-10-21,7846,UPI,12,324,6,653.83
572,B-25925,2022-01-11,3022,Credit Card,1,325,3,3022.0
573,B-25925,2021-02-17,3022,Credit Card,1,326,3,3022.0
574,B-25925,2022-01-11,5266,Debit Card,13,325,1,405.08
575,B-25925,2021-02-17,5266,Debit Card,13,326,1,405.08
576,B-25602,2021-11-06,4853,Debit Card,9,327,3,539.22
577,B-25602,2022-08-30,4853,Debit Card,9,328,3,539.22
578,B-26592,2022-10-07,9832,COD,1,329,3,9832.0
579,B-26592,2022-10-07,796,Credit Card,15,329,3,53.07
580,B-26251,2023-06-04,883,COD,7,330,6,126.14
581,B-26251,2023-06-04,4539,Debit Card,8,330,12,567.38
582,B-26251,2023-06-04,9659,Debit Card,16,330,10,603.69
583,B-25979,2022-05-13,9562,Debit Card,2,331,2,4781.0
584,B-25437,2023-01-23,4688,Credit Card,3,332,4,1562.67
585,B-25437,2021-07-25,4688,Credit Card,3,333,4,1562.67
586,B-26986,2025-03-08,7900,COD,4,334,11,1975.0
587,B-25990,2022-12-25,6967,COD,17,335,12,409.82
588,B-25990,2022-12-25,1091,COD,6,335,9,181.83
589,B-25990,2022-12-25,6027,Credit Card,2,335,10,3013.5
590,B-25222,2024-04-24,4852,EMI,2,336,5,2426.0
591,B-25222,2021-12-24,4852,EMI,2,337,5,2426.0
592,B-25222,2023-09-07,4852,EMI,2,338,5,2426.0
593,B-26402,2021-08-10,4314,COD,6,339,8,719.0
594,B-26792,2024-05-26,3288,EMI,3,340,3,1096.0
595,B-26792,2022-02-19,3288,EMI,3,341,3,1096.0
596,B-25154,2024-12-09,3977,Credit Card,5,342,10,795.4
597,B-26114,2023-06-01,6252,EMI,2,343,2,3126.0
598,B-26485,2023-11-05,9084,Debit Card,12,344,3,757.0
599,B-26191,2020-06-21,8994,Credit Card,15,345,11,599.6
600,B-26754,2020-10-26,1089,EMI,16,346,7,68.06
601,B-25953,2022-06-06,6690,UPI,19,347,10,352.11
602,B-25953,2021-11-13,6690,UPI,19,348,10,352.11
603,B-25953,2022-06-06,4985,Credit Card,10,347,12,498.5
604,B-25953,2021-11-13,4985,Credit Card,10,348,12,498.5
605,B-26516,2021-11-11,8590,EMI,15,349,1,572.67
606,B-26516,2021-11-11,6973,COD,10,349,5,697.3
607,B-26843,2021-07-31,4591,EMI,19,350,2,241.63
608,B-26843,2021-07-31,9612,Credit Card,17,350,3,565.41
609,B-26167,2024-04-13,5343,EMI,1,351,6,5343.0
610,B-26972,2022-04-19,6956,Debit Card,20,352,7,347.8
611,B-25673,2024-03-23,5306,EMI,17,353,5,312.12
612,B-26587,2021-05-07,8982,UPI,17,354,8,528.35
613,B-26587,2021-05-07,4826,Debit Card,5,354,9,965.2
614,B-26668,2022-05-06,972,EMI,15,355,3,64.8
615,B-26906,2021-08-09,3665,Credit Card,4,356,7,916.25
616,B-26906,2025-02-09,3665,Credit Card,4,357,7,916.25
617,B-25226,2024-04-23,9808,UPI,2,358,3,4904.0
618,B-25166,2023-02-23,1133,UPI,17,359,6,66.65
619,B-25166,2024-06-06,1133,UPI,17,360,6,66.65
620,B-25166,2023-02-23,6248,COD,19,359,12,328.84
621,B-25166,2024-06-06,6248,COD,19,360,12,328.84
622,B-25454,2025-01-27,5666,Credit Card,17,361,1,333.29
623,B-26215,2023-04-07,4171,COD,18,362,7,231.72
624,B-25777,2022-01-20,6236,Credit Card,7,363,2,890.86
625,B-25777,2022-05-10,6236,Credit Card,7,364,2,890.86
626,B-25383,2024-05-29,5410,Credit Card,8,365,6,676.25
627,B-25383,2022-01-04,5410,Credit Card,8,366,6,676.25
628,B-26409,2024-05-02,3024,Credit Card,1,367,8,3024.0
629,B-26409,2021-12-28,3024,Credit Card,1,368,8,3024.0
630,B-26684,2022-12-12,7434,UPI,5,369,7,1486.8
631,B-26726,2023-08-17,7213,Debit Card,19,370,1,379.63
632,B-26726,2021-11-29,7213,Debit Card,19,371,1,379.63
633,B-26726,2023-08-17,3176,EMI,9,370,5,352.89
634,B-26726,2021-11-29,3176,EMI,9,371,5,352.89
635,B-26136,2021-06-13,9144,Credit Card,18,372,10,508.0
636,B-26098,2022-07-04,4146,EMI,19,373,5,218.21
637,B-26098,2022-07-04,3793,EMI,7,373,5,541.86
638,B-25430,2021-06-27,7169,COD,11,374,8,651.73
639,B-25430,2021-06-27,4046,Credit Card,18,374,6,224.78
640,B-25266,2023-12-04,4164,COD,11,375,11,378.55
641,B-25266,2023-12-04,5389,UPI,5,375,5,1077.8
642,B-25283,2022-08-09,5448,COD,5,376,8,1089.6
643,B-25227,2020-04-08,4115,UPI,1,377,8,4115.0
644,B-25227,2020-04-08,4761,UPI,12,377,5,396.75
645,B-25669,2023-10-20,5899,EMI,6,378,10,983.17
646,B-25064,2022-02-10,6109,EMI,9,379,6,678.78
647,B-25064,2023-10-05,6109,EMI,9,380,6,678.78
648,B-25064,2022-02-10,4628,UPI,17,379,1,272.24
649,B-25064,2023-10-05,4628,UPI,17,380,1,272.24
650,B-26268,2022-09-22,4369,Credit Card,13,381,3,336.08
651,B-26268,2021-04-03,4369,Credit Card,13,382,3,336.08
652,B-25456,2021-05-03,5632,Credit Card,20,383,8,281.6
653,B-25456,2024-02-11,5632,Credit Card,20,384,8,281.6
654,B-25456,2025-02-04,5632,Credit Card,20,385,8,281.6
655,B-25495,2022-10-12,7519,UPI,14,386,9,537.07
656,B-25495,2022-10-12,1564,Debit Card,13,386,1,120.31
657,B-26552,2022-02-06,2804,Credit Card,10,387,1,280.4
658,B-26552,2020-11-09,2804,Credit Card,10,388,1,280.4
659,B-26552,2023-05-03,2804,Credit Card,10,389,1,280.4
660,B-25203,2022-10-04,2321,EMI,6,390,6,386.83
661,B-25462,2024-08-21,5730,COD,6,391,4,955.0
662,B-26145,2021-11-20,7441,COD,12,392,8,620.08
663,B-26145,2020-05-13,7441,COD,12,393,8,620.08
664,B-25552,2023-02-28,1732,UPI,7,394,10,247.43
665,B-25552,2023-02-28,8788,EMI,19,394,9,462.53
666,B-26069,2021-01-21,838,EMI,11,395,7,76.18
667,B-26069,2022-02-28,838,EMI,11,396,7,76.18
668,B-26069,2021-01-21,3577,UPI,2,395,5,1788.5
669,B-26069,2022-02-28,3577,UPI,2,396,5,1788.5
670,B-25120,2024-04-25,7122,Debit Card,6,397,11,1187.0
671,B-25120,2023-03-10,7122,Debit Card,6,398,11,1187.0
672,B-25120,2023-07-10,7122,Debit Card,6,399,11,1187.0
673,B-25120,2024-04-25,7327,Credit Card,15,397,7,488.47
674,B-25120,2023-03-10,7327,Credit Card,15,398,7,488.47
675,B-25120,2023-07-10,7327,Credit Card,15,399,7,488.47
676,B-26146,2024-07-28,2239,COD,18,400,2,124.39
677,B-26146,2024-07-28,4932,COD,1,400,7,4932.0
678,B-25549,2023-07-30,4609,UPI,8,401,2,576.12
679,B-25549,2023-07-30,2328,UPI,4,401,9,582.0
680,B-25549,2023-07-30,4734,Debit Card,7,401,2,676.29
681,B-25488,2024-10-05,1388,UPI,5,402,8,277.6
682,B-25488,2024-10-05,8555,Credit Card,8,402,4,1069.38
683,B-26885,2024-02-20,9024,Credit Card,4,403,5,2256.0
684,B-26885,2024-02-20,2468,Credit Card,4,403,4,617.0
685,B-25703,2023-04-19,9438,COD,4,404,1,2359.5
686,B-25703,2023-10-29,9438,COD,4,405,1,2359.5
687,B-25809,2022-03-08,2685,UPI,18,406,11,149.17
688,B-25809,2022-12-08,2685,UPI,18,407,11,149.17
689,B-25809,2022-03-08,9916,UPI,14,406,6,708.29
690,B-25809,2022-12-08,9916,UPI,14,407,6,708.29
691,B-25809,2022-03-08,6184,Credit Card,14,406,1,441.71
692,B-25809,2022-12-08,6184,Credit Card,14,407,1,441.71
693,B-25809,2022-03-08,4548,Debit Card,8,406,7,568.5
694,B-25809,2022-12-08,4548,Debit Card,8,407,7,568.5
695,B-25477,2024-07-27,7195,COD,7,408,7,1027.86
696,B-25477,2022-07-05,7195,COD,7,409,7,1027.86
697,B-26018,2024-07-04,3098,COD,18,410,12,172.11
698,B-25329,2024-02-28,5412,Credit Card,18,411,5,300.67
699,B-25329,2025-01-03,5412,Credit Card,18,412,5,300.67
700,B-25182,2021-12-07,1397,Credit Card,11,413,6,127.0
701,B-25492,2021-12-14,9279,EMI,14,414,6,662.79
702,B-25492,2020-11-30,9279,EMI,14,415,6,662.79
703,B-25492,2021-12-14,2596,Credit Card,19,414,9,136.63
704,B-25492,2020-11-30,2596,Credit Card,19,415,9,136.63
705,B-25517,2021-12-29,6732,EMI,19,416,12,354.32
706,B-25517,2021-12-29,4495,EMI,14,416,3,321.07
707,B-25200,2024-07-08,9653,UPI,6,417,9,1608.83
708,B-26009,2021-02-10,8945,UPI,10,418,5,894.5
709,B-26580,2020-10-21,4007,COD,13,419,12,308.23
710,B-26580,2023-04-17,4007,COD,13,420,12,308.23
711,B-25679,2020-10-21,810,EMI,18,421,12,45.0
712,B-26034,2023-12-28,9789,Debit Card,18,422,12,543.83
713,B-26034,2023-12-28,9229,COD,8,422,1,1153.62
714,B-25148,2022-12-23,8141,Debit Card,18,423,7,452.28
715,B-25148,2022-08-10,8141,Debit Card,18,424,7,452.28
716,B-25148,2022-12-23,1067,EMI,14,423,8,76.21
717,B-25148,2022-08-10,1067,EMI,14,424,8,76.21
718,B-25830,2023-10-17,3839,UPI,10,425,10,383.9
719,B-25830,2022-02-28,3839,UPI,10,426,10,383.9
720,B-25762,2024-05-24,2858,COD,13,427,1,219.85
721,B-26794,2020-10-02,2137,Debit Card,12,428,12,178.08
722,B-26794,2020-10-02,2831,Debit Card,12,428,6,235.92
723,B-25011,2024-02-10,3913,UPI,15,429,8,260.87
724,B-25011,2021-02-06,3913,UPI,15,430,8,260.87
725,B-25515,2022-03-16,4468,COD,9,431,9,496.44
726,B-25369,2020-05-24,1579,Credit Card,9,432,4,175.44
727,B-25369,2025-02-16,1579,Credit Card,9,433,4,175.44
728,B-25369,2021-11-16,1579,Credit Card,9,434,4,175.44
729,B-25369,2024-09-08,1579,Credit Card,9,435,4,175.44
730,B-25369,2020-05-24,3760,EMI,19,432,6,197.89
731,B-25369,2025-02-16,3760,EMI,19,433,6,197.89
732,B-25369,2021-11-16,3760,EMI,19,434,6,197.89
733,B-25369,2024-09-08,3760,EMI,19,435,6,197.89
734,B-26222,2022-06-29,8706,Credit Card,14,436,3,621.86
735,B-26222,2022-06-29,4708,Credit Card,14,436,1,336.29
736,B-26222,2022-06-29,8089,COD,17,436,6,475.82
737,B-25316,2022-11-03,5462,Debit Card,12,437,2,455.17
738,B-25507,2023-11-28,6392,Credit Card,18,438,1,355.11
739,B-25846,2020-04-25,8706,Debit Card,3,439,1,2902.0
740,B-25763,2022-01-18,2349,UPI,4,440,3,587.25
741,B-25763,2022-01-18,8220,UPI,14,440,6,587.14
742,B-25763,2022-01-18,2379,Debit Card,7,440,6,339.86
743,B-25763,2022-01-18,7377,UPI,4,440,7,1844.25
744,B-25465,2022-03-23,717,Credit Card,16,441,5,44.81
745,B-25465,2020-06-24,717,Credit Card,16,442,5,44.81
746,B-25465,2022-12-23,717,Credit Card,16,443,5,44.81
747,B-25465,2024-11-24,717,Credit Card,16,444,5,44.81
748,B-25465,2020-11-06,717,Credit Card,16,445,5,44.81
749,B-25465,2023-10-24,717,Credit Card,16,446,5,44.81
750,B-25465,2022-03-23,508,UPI,17,441,8,29.88
751,B-25465,2020-06-24,508,UPI,17,442,8,29.88
752,B-25465,2022-12-23,508,UPI,17,443,8,29.88
753,B-25465,2024-11-24,508,UPI,17,444,8,29.88
754,B-25465,2020-11-06,508,UPI,17,445,8,29.88
755,B-25465,2023-10-24,508,UPI,17,446,8,29.88
756,B-26352,2023-07-18,9382,Debit Card,3,447,2,3127.33
757,B-26352,2022-05-16,9382,Debit Card,3,448,2,3127.33
758,B-26352,2023-07-18,4936,COD,19,447,5,259.79
759,B-26352,2022-05-16,4936,COD,19,448,5,259.79
760,B-26528,2024-06-16,2663,COD,19,449,8,140.16
761,B-26528,2021-10-23,2663,COD,19,450,8,140.16
762,B-26670,2022-10-22,5151,EMI,5,451,2,1030.2
763,B-25331,2023-07-17,2514,UPI,8,452,3,314.25
764,B-25832,2025-02-24,6129,EMI,2,453,4,3064.5
765,B-25832,2025-02-24,4395,COD,3,453,12,1465.0
766,B-25897,2021-03-07,5393,UPI,8,454,6,674.12
767,B-25713,2021-01-03,2280,Credit Card,8,455,11,285.0
768,B-25065,2023-05-03,6596,Debit Card,9,456,9,732.89
769,B-25949,2023-10-25,4510,EMI,5,457,9,902.0
770,B-26033,2022-08-21,6077,COD,18,458,11,337.61
771,B-26017,2022-04-16,5379,COD,17,459,2,316.41
772,B-26926,2023-04-02,4629,EMI,16,460,7,289.31
773,B-26258,2024-10-21,2710,Debit Card,20,461,4,135.5
774,B-26258,2024-10-21,3224,UPI,14,461,10,230.29
775,B-26240,2021-07-09,8042,EMI,15,462,7,536.13
776,B-26240,2022-04-08,8042,EMI,15,463,7,536.13
777,B-26922,2022-04-30,3957,EMI,10,464,10,395.7
778,B-26894,2023-01-20,8769,Debit Card,16,465,7,548.06
779,B-25330,2024-11-17,2957,Debit Card,16,466,3,184.81
780,B-26288,2022-04-23,5344,Debit Card,6,467,9,890.67
781,B-26288,2025-02-18,5344,Debit Card,6,468,9,890.67
782,B-25228,2021-05-27,6061,EMI,19,469,4,319.0
783,B-25228,2022-01-17,6061,EMI,19,470,4,319.0
784,B-26457,2025-01-15,5376,Credit Card,7,471,5,768.0
785,B-25790,2021-02-14,2792,COD,8,472,2,349.0
786,B-25868,2024-08-31,2944,Credit Card,5,473,10,588.8
787,B-25868,2022-12-26,2944,Credit Card,5,474,10,588.8
788,B-25381,2024-03-21,4220,EMI,13,475,7,324.62
789,B-25381,2020-12-15,4220,EMI,13,476,7,324.62
790,B-25153,2023-03-21,8526,Debit Card,4,477,10,2131.5
791,B-26576,2023-06-08,8218,Credit Card,19,478,12,432.53
792,B-26526,2022-07-17,599,Credit Card,4,479,11,149.75
793,B-26526,2024-12-05,599,Credit Card,4,480,11,149.75
794,B-26526,2022-07-17,2727,Credit Card,10,479,12,272.7
795,B-26526,2024-12-05,2727,Credit Card,10,480,12,272.7
796,B-25819,2023-11-02,2589,EMI,11,481,3,235.36
797,B-25819,2024-10-05,2589,EMI,11,482,3,235.36
798,B-25698,2022-11-13,3776,EMI,9,483,1,419.56
799,B-25698,2022-12-28,3776,EMI,9,484,1,419.56
800,B-26820,2025-02-26,5402,EMI,12,485,12,450.17
801,B-25396,2022-11-12,5165,EMI,16,486,3,322.81
802,B-25396,2022-11-12,4863,EMI,4,486,12,1215.75
803,B-25529,2021-06-07,1626,EMI,15,487,3,108.4
804,B-26501,2020-09-26,8851,EMI,7,488,5,1264.43
805,B-26910,2024-04-29,9680,COD,9,489,5,1075.56
806,B-26910,2024-04-29,8468,UPI,8,489,3,1058.5
807,B-26910,2024-04-29,4441,Debit Card,14,489,6,317.21
808,B-25978,2024-04-10,6622,COD,8,490,8,827.75
809,B-26537,2023-12-21,3260,UPI,17,491,5,191.76
810,B-25881,2024-05-02,8709,Debit Card,8,492,5,1088.62
811,B-25881,2024-11-21,8709,Debit Card,8,493,5,1088.62
812,B-25237,2022-03-17,5250,COD,1,494,10,5250.0
813,B-25237,2023-05-14,5250,COD,1,495,10,5250.0
814,B-26122,2024-10-07,4116,UPI,20,496,9,205.8
815,B-26122,2020-09-08,4116,UPI,20,497,9,205.8
816,B-25709,2021-08-19,1109,UPI,15,498,9,73.93
817,B-26656,2022-10-12,3573,EMI,7,499,3,510.43
818,B-26656,2020-05-23,3573,EMI,7,500,3,510.43
819,B-26656,2020-04-18,3573,EMI,7,501,3,510.43
820,B-26656,2022-10-12,8055,EMI,10,499,11,805.5
821,B-26656,2020-05-23,8055,EMI,10,500,11,805.5
822,B-26656,2020-04-18,8055,EMI,10,501,11,805.5
823,B-25801,2022-06-04,6829,EMI,2,502,4,3414.5
824,B-25801,2022-06-04,6390,COD,12,502,9,532.5
825,B-25006,2022-11-16,5831,Debit Card,17,503,3,343.0
826,B-25006,2024-07-18,5831,Debit Card,17,504,3,343.0
827,B-25006,2023-07-16,5831,Debit Card,17,505,3,343.0
828,B-26106,2020-08-10,7952,Debit Card,8,506,8,994.0
829,B-25789,2024-06-22,3659,UPI,5,507,12,731.8
830,B-26292,2020-07-13,4183,Debit Card,4,508,3,1045.75
831,B-25895,2024-04-16,7478,EMI,11,509,11,679.82
832,B-25813,2021-03-13,702,COD,9,510,11,78.0
833,B-26863,2023-04-01,4037,EMI,15,511,6,269.13
834,B-25759,2020-11-10,5014,COD,2,512,6,2507.0
835,B-26357,2023-06-08,9879,Debit Card,15,513,4,658.6
836,B-26819,2021-08-17,8762,Debit Card,1,514,11,8762.0
837,B-25502,2020-05-24,8490,EMI,1,515,3,8490.0
838,B-25258,2021-08-12,6951,UPI,10,516,8,695.1
839,B-26878,2022-09-03,1078,Credit Card,3,517,11,359.33
840,B-26878,2020-10-01,1078,Credit Card,3,518,11,359.33
841,B-25170,2022-05-27,8560,EMI,19,519,10,450.53
842,B-25170,2022-05-27,1031,UPI,20,519,1,51.55
843,B-26842,2024-03-10,6402,Debit Card,19,520,7,336.95
844,B-26842,2023-10-05,6402,Debit Card,19,521,7,336.95
845,B-26842,2024-03-10,5916,Debit Card,19,520,2,311.37
846,B-26842,2023-10-05,5916,Debit Card,19,521,2,311.37
847,B-26599,2022-08-28,4015,Debit Card,15,522,6,267.67
848,B-26599,2020-09-08,4015,Debit Card,15,523,6,267.67
849,B-25705,2021-04-27,9335,COD,11,524,1,848.64
850,B-26366,2021-08-21,4706,COD,11,525,10,427.82
851,B-26366,2021-05-16,4706,COD,11,526,10,427.82
852,B-26366,2021-08-21,6584,UPI,6,525,7,1097.33
853,B-26366,2021-05-16,6584,UPI,6,526,7,1097.33
854,B-26116,2022-01-15,6389,EMI,1,527,8,6389.0
855,B-26443,2023-03-21,9869,Debit Card,12,528,2,822.42
856,B-26443,2023-12-28,9869,Debit Card,12,529,2,822.42
857,B-25955,2022-02-15,655,Debit Card,4,530,7,163.75
858,B-25955,2023-11-30,655,Debit Card,4,531,7,163.75
859,B-26383,2023-01-12,798,Debit Card,10,532,11,79.8
860,B-26383,2023-05-19,798,Debit Card,10,533,11,79.8
861,B-26383,2023-01-12,7967,EMI,13,532,2,612.85
862,B-26383,2023-05-19,7967,EMI,13,533,2,612.85
863,B-26999,2024-02-19,3756,UPI,5,534,5,751.2
864,B-26712,2021-12-01,5196,UPI,1,535,7,5196.0
865,B-26712,2021-12-01,6586,Debit Card,19,535,12,346.63
866,B-26066,2024-12-19,6673,EMI,19,536,7,351.21
867,B-25996,2023-01-18,714,UPI,14,537,5,51.0
868,B-25996,2020-12-23,714,UPI,14,538,5,51.0
869,B-26924,2021-02-28,1083,COD,6,539,3,180.5
870,B-25541,2023-05-04,2401,UPI,10,540,12,240.1
871,B-25541,2020-04-22,2401,UPI,10,541,12,240.1
872,B-25541,2021-08-13,2401,UPI,10,542,12,240.1
873,B-25541,2023-05-04,1045,Debit Card,11,540,11,95.0
874,B-25541,2020-04-22,1045,Debit Card,11,541,11,95.0
875,B-25541,2021-08-13,1045,Debit Card,11,542,11,95.0
876,B-25196,2023-07-20,7806,Credit Card,1,543,7,7806.0
877,B-25855,2022-08-28,5263,Credit Card,19,544,8,277.0
878,B-25071,2023-03-14,6147,Debit Card,6,545,3,1024.5
879,B-26159,2023-11-07,7484,UPI,15,546,11,498.93
880,B-26159,2024-04-16,7484,UPI,15,547,11,498.93
881,B-26159,2023-11-07,7700,Credit Card,1,546,8,7700.0
882,B-26159,2024-04-16,7700,Credit Card,1,547,8,7700.0
883,B-26228,2022-09-16,8537,UPI,13,548,7,656.69
884,B-25888,2024-10-31,8858,COD,6,549,6,1476.33
885,B-25574,2024-11-25,5313,Debit Card,7,550,2,759.0
886,B-25574,2021-10-29,5313,Debit Card,7,551,2,759.0
887,B-26938,2023-12-27,3281,EMI,7,552,8,468.71
888,B-26938,2023-06-25,3281,EMI,7,553,8,468.71
889,B-26379,2020-09-01,8681,Credit Card,9,554,3,964.56
890,B-26623,2025-02-01,6195,EMI,18,555,8,344.17
891,B-25566,2023-07-22,3877,Debit Card,16,556,6,242.31
892,B-25566,2022-02-04,3877,Debit Card,16,557,6,242.31
893,B-26740,2023-09-27,9369,Debit Card,6,558,2,1561.5
894,B-26740,2025-01-30,9369,Debit Card,6,559,2,1561.5
895,B-26740,2023-09-27,8680,Credit Card,20,558,2,434.0
896,B-26740,2025-01-30,8680,Credit Card,20,559,2,434.0
897,B-26740,2023-09-27,3067,UPI,8,558,4,383.38
898,B-26740,2025-01-30,3067,UPI,8,559,4,383.38
899,B-25024,2025-01-15,9002,EMI,2,560,7,4501.0
900,B-25024,2021-03-28,9002,EMI,2,561,7,4501.0
901,B-26367,2021-12-25,7105,COD,19,562,3,373.95
902,B-26353,2023-02-03,5317,Debit Card,18,563,6,295.39
903,B-26353,2023-04-28,5317,Debit Card,18,564,6,295.39
904,B-26353,2024-11-22,5317,Debit Card,18,565,6,295.39
905,B-26353,2023-02-03,6304,EMI,14,563,5,450.29
906,B-26353,2023-04-28,6304,EMI,14,564,5,450.29
907,B-26353,2024-11-22,6304,EMI,14,565,5,450.29
908,B-25742,2024-07-02,9565,Debit Card,3,566,9,3188.33
909,B-25742,2024-07-02,8245,EMI,11,566,9,749.55
910,B-26965,2022-01-18,1592,Debit Card,13,567,4,122.46
911,B-26038,2024-10-08,8400,Debit Card,5,568,11,1680.0
912,B-26038,2024-10-08,4963,EMI,15,568,9,330.87
913,B-25317,2020-06-21,2472,COD,5,569,2,494.4
914,B-25970,2023-12-14,9132,Debit Card,14,570,6,652.29
915,B-25590,2020-12-16,8305,Debit Card,6,571,10,1384.17
916,B-25580,2025-03-15,1010,COD,19,572,1,53.16
917,B-25443,2024-08-21,4544,EMI,9,573,11,504.89
918,B-25443,2024-08-21,5900,UPI,20,573,11,295.0
919,B-25774,2021-05-27,8861,Credit Card,19,574,7,466.37
920,B-26505,2020-09-21,8158,Debit Card,13,575,11,627.54
921,B-25163,2025-01-11,3411,UPI,14,576,3,243.64
922,B-26095,2021-10-20,9406,UPI,16,577,7,587.88
923,B-26095,2021-10-20,1156,EMI,15,577,2,77.07
924,B-25768,2021-10-19,5354,UPI,10,578,12,535.4
925,B-25328,2024-07-07,8780,Credit Card,4,579,1,2195.0
926,B-25328,2023-07-25,8780,Credit Card,4,580,1,2195.0
927,B-26573,2020-04-16,6783,Debit Card,8,581,8,847.88
928,B-25138,2020-07-04,1778,Credit Card,4,582,3,444.5
929,B-26803,2022-05-16,9399,UPI,12,583,2,783.25
930,B-26803,2022-05-16,7957,Credit Card,4,583,8,1989.25
931,B-25101,2023-11-25,1638,EMI,13,584,6,126.0
932,B-25827,2021-08-17,1786,COD,4,585,5,446.5
933,B-25792,2023-07-02,4751,EMI,9,586,9,527.89
934,B-25646,2020-08-24,8979,Credit Card,4,587,9,2244.75
935,B-25043,2022-11-07,2727,Credit Card,8,588,11,340.88
936,B-26598,2024-03-27,1093,Credit Card,17,589,2,64.29
937,B-26598,2024-09-01,1093,Credit Card,17,590,2,64.29
938,B-26598,2022-02-22,1093,Credit Card,17,591,2,64.29
939,B-26598,2024-03-27,2636,Debit Card,11,589,9,239.64
940,B-26598,2024-09-01,2636,Debit Card,11,590,9,239.64
941,B-26598,2022-02-22,2636,Debit Card,11,591,9,239.64
942,B-26643,2022-02-11,7344,Debit Card,7,592,1,1049.14
943,B-26643,2022-02-11,7306,COD,3,592,9,2435.33
944,B-26643,2022-02-11,5832,COD,10,592,2,583.2
945,B-25992,2021-05-27,8572,EMI,8,593,5,1071.5
946,B-25992,2023-07-05,8572,EMI,8,594,5,1071.5
947,B-25992,2020-10-27,8572,EMI,8,595,5,1071.5
948,B-25992,2021-05-27,8059,Credit Card,10,593,2,805.9
949,B-25992,2023-07-05,8059,Credit Card,10,594,2,805.9
950,B-25992,2020-10-27,8059,Credit Card,10,595,2,805.9
951,B-25532,2023-01-26,3661,EMI,13,596,8,281.62
952,B-25564,2021-09-06,2451,EMI,8,597,9,306.38
953,B-25564,2021-11-12,2451,EMI,8,598,9,306.38
954,B-25564,2024-07-30,2451,EMI,8,599,9,306.38
955,B-26543,2022-03-15,7067,Credit Card,16,600,5,441.69
956,B-25976,2024-03-15,4307,UPI,3,601,1,1435.67
957,B-25976,2020-11-10,4307,UPI,3,602,1,1435.67
958,B-25976,2024-03-15,5694,EMI,5,601,6,1138.8
959,B-25976,2020-11-10,5694,EMI,5,602,6,1138.8
960,B-25929,2022-07-23,962,Credit Card,18,603,10,53.44
961,B-25497,2024-09-13,2995,Credit Card,14,604,12,213.93
962,B-25497,2024-09-13,2047,Debit Card,5,604,7,409.4
963,B-26735,2022-01-25,2078,COD,6,605,4,346.33
964,B-25036,2021-04-19,2737,EMI,3,606,2,912.33
965,B-25971,2021-07-18,8194,Debit Card,6,607,9,1365.67
966,B-25441,2022-06-24,9914,Credit Card,16,608,8,619.62
967,B-25441,2024-06-08,9914,Credit Card,16,609,8,619.62
968,B-25441,2022-06-24,5470,Debit Card,7,608,3,781.43
969,B-25441,2024-06-08,5470,Debit Card,7,609,3,781.43
970,B-25441,2022-06-24,1496,UPI,17,608,12,88.0
971,B-25441,2024-06-08,1496,UPI,17,609,12,88.0
972,B-25823,2022-09-29,3228,COD,9,610,9,358.67
973,B-25363,2023-05-10,3918,Credit Card,8,611,4,489.75
974,B-25363,2020-05-02,3918,Credit Card,8,612,4,489.75
975,B-26445,2021-04-12,9921,EMI,15,613,8,661.4
976,B-26724,2023-11-04,9694,EMI,1,614,6,9694.0
977,B-25447,2020-05-04,5028,EMI,13,615,9,386.77
978,B-26904,2023-09-10,594,Debit Card,19,616,9,31.26
979,B-26904,2024-01-05,594,Debit Card,19,617,9,31.26
980,B-26904,2024-05-08,594,Debit Card,19,618,9,31.26
981,B-26456,2024-03-30,5954,COD,11,619,5,541.27
982,B-25435,2020-09-10,3518,UPI,3,620,12,1172.67
983,B-25435,2020-09-10,4157,EMI,8,620,4,519.62
984,B-26279,2020-07-12,3747,Credit Card,5,621,7,749.4
985,B-26279,2022-12-08,3747,Credit Card,5,622,7,749.4
986,B-26279,2024-03-27,3747,Credit Card,5,623,7,749.4
987,B-26279,2023-02-17,3747,Credit Card,5,624,7,749.4
988,B-26279,2021-07-21,3747,Credit Card,5,625,7,749.4
989,B-26279,2020-07-12,3194,UPI,4,621,10,798.5
990,B-26279,2022-12-08,3194,UPI,4,622,10,798.5
991,B-26279,2024-03-27,3194,UPI,4,623,10,798.5
992,B-26279,2023-02-17,3194,UPI,4,624,10,798.5
993,B-26279,2021-07-21,3194,UPI,4,625,10,798.5
994,B-25770,2022-10-30,8548,COD,1,626,10,8548.0
995,B-25715,2020-12-31,6089,Debit Card,19,627,5,320.47
996,B-25715,2022-04-15,6089,Debit Card,19,628,5,320.47
997,B-25715,2023-04-05,6089,Debit Card,19,629,5,320.47
998,B-25715,2020-12-31,2586,UPI,16,627,5,161.62
999,B-25715,2022-04-15,2586,UPI,16,628,5,161.62
1000,B-25715,2023-04-05,2586,UPI,16,629,5,161.62
1001,B-25715,2020-12-31,3757,UPI,9,627,9,417.44
1002,B-25715,2022-04-15,3757,UPI,9,628,9,417.44
1003,B-25715,2023-04-05,3757,UPI,9,629,9,417.44
1004,B-26961,2021-10-29,5193,Debit Card,5,630,8,1038.6
1005,B-26961,2024-12-29,5193,Debit Card,5,631,8,1038.6
1006,B-25902,2020-08-11,7493,UPI,3,632,1,2497.67
1007,B-26321,2024-03-04,2062,Credit Card,6,633,7,343.67
1008,B-25612,2023-10-17,7163,EMI,1,634,11,7163.0
1009,B-25605,2023-07-28,4026,COD,6,635,11,671.0
1010,B-25810,2021-11-27,1894,Credit Card,5,636,6,378.8
1011,B-25810,2021-11-27,7144,Credit Card,13,636,1,549.54
1012,B-25935,2020-09-09,3482,Debit Card,15,637,4,232.13
1013,B-26245,2021-06-02,4172,EMI,5,638,9,834.4
1014,B-26245,2022-08-22,4172,EMI,5,639,9,834.4
1015,B-26245,2024-04-16,4172,EMI,5,640,9,834.4
1016,B-25346,2022-08-23,6265,COD,8,641,8,783.12
1017,B-25346,2021-03-12,6265,COD,8,642,8,783.12
1018,B-25594,2024-06-26,2931,Credit Card,7,643,1,418.71
1019,B-25594,2023-12-08,2931,Credit Card,7,644,1,418.71
1020,B-25471,2024-11-27,1146,Debit Card,9,645,6,127.33
1021,B-25398,2022-01-10,9215,COD,13,646,2,708.85
1022,B-25398,2021-11-01,9215,COD,13,647,2,708.85
1023,B-25999,2023-10-28,7895,Credit Card,1,648,6,7895.0
1024,B-25999,2025-03-01,7895,Credit Card,1,649,6,7895.0
1025,B-25999,2023-10-28,2740,UPI,8,648,3,342.5
1026,B-25999,2025-03-01,2740,UPI,8,649,3,342.5
1027,B-25159,2024-08-01,5338,UPI,16,650,7,333.62
1028,B-25159,2023-06-07,5338,UPI,16,651,7,333.62
1029,B-25159,2024-10-21,5338,UPI,16,652,7,333.62
1030,B-25159,2021-01-04,5338,UPI,16,653,7,333.62
1031,B-25496,2022-04-19,3095,EMI,2,654,3,1547.5
1032,B-25496,2022-08-11,3095,EMI,2,655,3,1547.5
1033,B-25401,2023-08-04,6017,Debit Card,13,656,2,462.85
1034,B-25707,2020-04-25,4904,Debit Card,2,657,3,2452.0
1035,B-25707,2020-04-25,3080,UPI,6,657,10,513.33
1036,B-26225,2024-12-14,1992,COD,2,658,11,996.0
1037,B-25662,2022-07-25,5346,EMI,17,659,8,314.47
1038,B-25662,2022-05-07,5346,EMI,17,660,8,314.47
1039,B-26752,2022-08-11,8422,Debit Card,18,661,2,467.89
1040,B-26752,2022-08-12,8422,Debit Card,18,662,2,467.89
1041,B-26752,2022-08-11,6105,Credit Card,8,661,12,763.12
1042,B-26752,2022-08-12,6105,Credit Card,8,662,12,763.12
1043,B-25640,2023-08-21,670,EMI,9,663,3,74.44
1044,B-25030,2022-09-12,4057,Credit Card,6,664,4,676.17
1045,B-25504,2023-08-20,8178,UPI,10,665,3,817.8
1046,B-26912,2020-12-27,8752,Debit Card,9,666,5,972.44
1047,B-26912,2023-09-04,8752,Debit Card,9,667,5,972.44
1048,B-26912,2022-01-08,8752,Debit Card,9,668,5,972.44
1049,B-25193,2023-06-05,8974,EMI,16,669,2,560.88
1050,B-25106,2021-04-01,9090,Credit Card,16,670,11,568.12
1051,B-25106,2024-05-28,9090,Credit Card,16,671,11,568.12
1052,B-25106,2021-04-01,851,Credit Card,11,670,1,77.36
1053,B-25106,2024-05-28,851,Credit Card,11,671,1,77.36
1054,B-26835,2023-03-09,5427,UPI,3,672,11,1809.0
1055,B-25836,2022-07-28,2695,Debit Card,15,673,12,179.67
1056,B-25836,2021-06-17,2695,Debit Card,15,674,12,179.67
1057,B-26661,2024-02-13,2386,COD,3,675,3,795.33
1058,B-26317,2021-08-06,2284,Debit Card,20,676,3,114.2
1059,B-26839,2022-05-01,6034,EMI,8,677,11,754.25
1060,B-26839,2022-05-01,8956,Credit Card,13,677,12,688.92
1061,B-25735,2024-03-11,7122,EMI,7,678,7,1017.43
1062,B-25387,2020-07-06,9775,UPI,5,679,7,1955.0
1063,B-25192,2020-12-17,3309,EMI,13,680,12,254.54
1064,B-26844,2022-08-30,4163,COD,14,681,1,297.36
1065,B-26844,2025-02-27,4163,COD,14,682,1,297.36
1066,B-26844,2021-06-05,4163,COD,14,683,1,297.36
1067,B-25236,2022-12-22,5518,UPI,7,684,8,788.29
1068,B-25940,2025-01-25,7566,Debit Card,6,685,11,1261.0
1069,B-25940,2025-02-14,7566,Debit Card,6,686,11,1261.0
1070,B-26765,2023-01-06,762,COD,11,687,2,69.27
1071,B-26817,2020-10-11,3316,COD,6,688,4,552.67
1072,B-26522,2023-05-24,5994,EMI,9,689,12,666.0
1073,B-26522,2024-03-12,5994,EMI,9,690,12,666.0
1074,B-26522,2024-03-17,5994,EMI,9,691,12,666.0
1075,B-25681,2022-05-17,3854,COD,19,692,4,202.84
1076,B-25382,2020-12-21,7019,UPI,15,693,7,467.93
1077,B-25944,2021-08-24,5954,Credit Card,14,694,4,425.29
1078,B-25944,2022-10-22,5954,Credit Card,14,695,4,425.29
1079,B-26980,2024-02-21,9752,Debit Card,5,696,12,1950.4
1080,B-26980,2022-10-31,9752,Debit Card,5,697,12,1950.4
1081,B-25780,2022-05-15,5335,COD,15,698,1,355.67
1082,B-25964,2022-07-22,1454,Credit Card,20,699,1,72.7
1083,B-26767,2021-12-13,6724,COD,19,700,12,353.89
1084,B-26767,2021-06-03,6724,COD,19,701,12,353.89
1085,B-25501,2025-02-24,9874,EMI,4,702,10,2468.5
1086,B-26029,2023-02-02,4918,UPI,7,703,11,702.57
1087,B-25292,2021-12-31,3189,Credit Card,19,704,9,167.84
1088,B-25873,2024-06-15,2684,UPI,2,705,1,1342.0
1089,B-25873,2022-06-05,2684,UPI,2,706,1,1342.0
1090,B-25873,2020-05-11,2684,UPI,2,707,1,1342.0
1091,B-25444,2024-02-11,7626,EMI,5,708,3,1525.2
1092,B-25444,2020-11-25,7626,EMI,5,709,3,1525.2
1093,B-26796,2023-08-12,6669,UPI,19,710,2,351.0
1094,B-25537,2022-05-06,6123,Credit Card,3,711,7,2041.0
1095,B-26083,2024-01-17,3265,Credit Card,16,712,9,204.06
1096,B-25298,2021-11-24,8104,COD,6,713,7,1350.67
1097,B-25298,2021-10-06,8104,COD,6,714,7,1350.67
1098,B-25298,2025-01-27,8104,COD,6,715,7,1350.67
1099,B-26734,2022-05-23,847,COD,17,716,5,49.82
1100,B-26734,2023-11-28,847,COD,17,717,5,49.82
1101,B-26734,2023-01-18,847,COD,17,718,5,49.82
1102,B-25483,2021-09-06,3129,Debit Card,9,719,12,347.67
1103,B-25483,2021-09-06,7821,EMI,13,719,4,601.62
1104,B-26041,2021-02-22,9498,COD,12,720,11,791.5
1105,B-26041,2021-10-06,9498,COD,12,721,11,791.5
1106,B-26750,2020-06-07,5461,Credit Card,7,722,8,780.14
1107,B-26138,2024-05-21,3084,UPI,19,723,12,162.32
1108,B-26929,2020-08-05,6087,COD,1,724,8,6087.0
1109,B-25359,2020-10-15,611,Credit Card,3,725,12,203.67
1110,B-25738,2021-05-15,9909,COD,18,726,7,550.5
1111,B-25738,2022-01-13,9909,COD,18,727,7,550.5
1112,B-25931,2023-07-18,6485,UPI,18,728,8,360.28
1113,B-25706,2022-12-08,7259,Credit Card,10,729,4,725.9
1114,B-25352,2023-04-17,3333,COD,18,730,2,185.17
1115,B-26909,2020-06-23,7786,EMI,4,731,8,1946.5
1116,B-26296,2022-01-20,7644,Debit Card,6,732,11,1274.0
1117,B-26112,2023-11-18,1476,COD,5,733,12,295.2
1118,B-26112,2022-01-19,1476,COD,5,734,12,295.2
1119,B-26790,2020-09-21,3445,EMI,16,735,8,215.31
1120,B-26790,2020-09-21,9837,UPI,1,735,4,9837.0
1121,B-25986,2021-06-11,1314,EMI,8,736,8,164.25
1122,B-25630,2024-08-07,5951,Debit Card,6,737,4,991.83
1123,B-25630,2022-07-26,5951,Debit Card,6,738,4,991.83
1124,B-26872,2024-01-13,992,UPI,6,739,11,165.33
1125,B-26872,2024-01-13,4699,EMI,18,739,7,261.06
1126,B-25870,2021-05-28,5557,EMI,17,740,4,326.88
1127,B-25991,2021-06-13,3436,Credit Card,3,741,1,1145.33
1128,B-25198,2023-04-25,9840,Debit Card,11,742,2,894.55
1129,B-25189,2021-07-05,7620,EMI,4,743,9,1905.0
1130,B-25189,2024-10-12,7620,EMI,4,744,9,1905.0
1131,B-26563,2021-10-04,4314,Debit Card,5,745,5,862.8
1132,B-25548,2024-02-07,8851,UPI,12,746,4,737.58
1133,B-25965,2021-03-05,544,Debit Card,2,747,4,272.0
1134,B-25965,2023-06-25,544,Debit Card,2,748,4,272.0
1135,B-26545,2021-08-02,537,EMI,20,749,7,26.85
1136,B-26603,2022-03-17,5944,EMI,7,750,4,849.14
1137,B-26393,2024-02-07,2258,Credit Card,18,751,2,125.44
1138,B-26393,2022-08-19,2258,Credit Card,18,752,2,125.44
1139,B-26628,2024-09-19,9609,Debit Card,3,753,8,3203.0
1140,B-26628,2020-04-05,9609,Debit Card,3,754,8,3203.0
1141,B-25945,2023-03-10,9952,Debit Card,15,755,1,663.47
1142,B-26565,2020-08-10,9873,Credit Card,7,756,9,1410.43
1143,B-25684,2020-04-29,3560,COD,15,757,1,237.33
1144,B-25684,2023-03-16,3560,COD,15,758,1,237.33
1145,B-26612,2020-05-04,6528,Debit Card,9,759,11,725.33
1146,B-26612,2020-05-04,8930,Debit Card,12,759,8,744.17
1147,B-25839,2024-10-15,4521,Debit Card,9,760,9,502.33
1148,B-25898,2022-06-09,7091,Credit Card,10,761,8,709.1
1149,B-26120,2020-07-04,2101,COD,8,762,3,262.62
1150,B-26120,2023-04-09,2101,COD,8,763,3,262.62
1151,B-26426,2023-11-24,8644,Debit Card,9,764,9,960.44
1152,B-26309,2023-11-29,6672,UPI,4,765,5,1668.0
1153,B-26309,2024-05-20,6672,UPI,4,766,5,1668.0
1154,B-26789,2024-05-21,4699,UPI,12,767,10,391.58
1155,B-26420,2021-12-07,4897,Debit Card,14,768,8,349.79
1156,B-26420,2025-01-06,4897,Debit Card,14,769,8,349.79
1157,B-26257,2022-07-13,5460,Debit Card,14,770,5,390.0
1158,B-26257,2020-04-19,5460,Debit Card,14,771,5,390.0
1159,B-25603,2024-11-14,9272,UPI,19,772,7,488.0
1160,B-25603,2020-04-18,9272,UPI,19,773,7,488.0
1161,B-25010,2023-10-18,7870,Credit Card,15,774,3,524.67
1162,B-25010,2021-03-21,7870,Credit Card,15,775,3,524.67
1163,B-25889,2024-09-13,7992,Credit Card,12,776,4,666.0
1164,B-25889,2023-05-04,7992,Credit Card,12,777,4,666.0
1165,B-25889,2023-05-31,7992,Credit Card,12,778,4,666.0
1166,B-26675,2024-06-15,6499,EMI,18,779,1,361.06
1167,B-26675,2021-04-03,6499,EMI,18,780,1,361.06
1168,B-26168,2025-01-14,8848,Debit Card,9,781,3,983.11
1169,B-25436,2020-12-24,8044,COD,3,782,7,2681.33
1170,B-25436,2022-10-07,8044,COD,3,783,7,2681.33
1171,B-25794,2021-10-05,7417,COD,16,784,12,463.56
1172,B-26495,2024-12-28,3451,UPI,3,785,7,1150.33
1173,B-25815,2022-05-14,8531,EMI,4,786,4,2132.75
1174,B-25022,2023-08-19,6646,Debit Card,15,787,8,443.07
1175,B-25022,2023-07-14,6646,Debit Card,15,788,8,443.07
1176,B-26928,2023-06-22,2553,Credit Card,6,789,4,425.5
1177,B-25905,2023-03-21,8490,Credit Card,3,790,11,2830.0
1178,B-26739,2020-12-13,2689,UPI,3,791,5,896.33
1179,B-26739,2024-05-29,2689,UPI,3,792,5,896.33
1180,B-25697,2021-05-25,815,Debit Card,14,793,5,58.21
1181,B-25234,2024-04-02,5024,UPI,2,794,9,2512.0
1182,B-25234,2022-12-03,5024,UPI,2,795,9,2512.0
1183,B-25665,2021-07-12,8962,Debit Card,18,796,1,497.89
1184,B-25665,2020-03-22,8962,Debit Card,18,797,1,497.89
1185,B-25028,2020-08-09,1961,UPI,12,798,10,163.42
1186,B-26659,2022-02-18,526,Credit Card,4,799,8,131.5
1187,B-25966,2021-06-14,6093,Debit Card,9,800,12,677.0
1188,B-25966,2021-03-01,6093,Debit Card,9,801,12,677.0
1189,B-25350,2023-09-23,7699,Debit Card,5,802,1,1539.8
1190,B-26370,2024-07-31,8825,Debit Card,15,803,5,588.33
1191,B-26298,2020-06-02,2082,EMI,8,804,11,260.25
1192,B-26298,2022-12-15,2082,EMI,8,805,11,260.25
1193,B-26298,2020-08-07,2082,EMI,8,806,11,260.25
1194,B-25068,2024-10-26,914,UPI,13,807,7,70.31
